Customer_ID,First_Name,Last_Name,Full_Name,Region,Country
12347,Karen,Parks,,Europe,Iceland
12348,Myah,Mays,,Europe,Finland
12350,Kaleigh,Valenzuela,,Europe,Norway
12352,Aydin,Patel,,Europe,Norway
12354,Hamza,Hobbs,,Europe,Spain
12356,Kaleigh,Spence,,Europe,Portugal
12359,Nolan,Stark,,Europe,Cyprus
12361,Eve,Krueger,,Europe,Belgium
12362,Jazmin,Vance,,Europe,Belgium
12365,Destinee,Murillo,,Europe,Cyprus
12370,Kara,Patrick,,Europe,Cyprus
12372,Draven,Parrish,,Europe,Denmark
12373,Matteo,Lynn,,Europe,Austria
12377,Rory,Osborn,,Europe,Switzerland
12383,Antoine,Fuller,,Europe,Belgium
12386,Alexandra,Keith,,Asia-Pacific,Australia
12388,Jaiden,Yates,,Asia-Pacific,Australia
12393,Kyleigh,Galvan,,Asia-Pacific,Australia
12395,Selina,Singleton,,Europe,Belgium
12399,Ruth,Mcmillan,,Europe,Belgium
12401,Darien,Kirby,,Europe,Belgium
12402,Mylee,Durham,,Europe,Belgium
12407,Lennon,Castro,,Europe,Belgium
12408,Ivy,Mcdowell,,Europe,Belgium
12410,Omar,Delgado,,Europe,Switzerland
12413,Sylvia,Bass,,Europe,France
12414,Heather,Ayala,,Europe,Austria
12415,Dante,Powell,,Asia-Pacific,Australia
12417,Urijah,Gutierrez,,Europe,Belgium
12421,Lewis,Hurley,,Europe,Spain
12422,Hailey,Grimes,,Asia-Pacific,Australia
12423,Bryanna,Rollins,,Europe,Belgium
12428,Arturo,Larsen,,Europe,Finland
12429,Ella,Welch,,Europe,Austria
12431,Mollie,Peters,,Asia-Pacific,Australia
12434,Rylie,Townsend,,Asia-Pacific,Australia
12435,Zack,Acevedo,,Europe,Denmark
12437,Natalee,Duran,,Europe,France
12447,Christine,Love,,Europe,Belgium
12451,Rocco,Sherman,,Europe,Switzerland
12455,Tessa,Mullins,,Europe,Cyprus
12456,Sandra,Gibbs,,Europe,Switzerland
12457,Cash,Young,,Europe,Switzerland
12458,Alan,Dyer,,Europe,Switzerland
12462,Jaeden,Wiggins,,Europe,Spain
12463,Chase,Johns,,Europe,Belgium
12464,Titus,Mcconnell,,Europe,Belgium
12468,Angeline,Parrish,,Europe,Germany
12471,Gia,Huff,,Europe,Germany
12472,Emilie,Ochoa,,Europe,Germany
12474,Sheldon,Hickman,,Europe,Germany
12476,Riley,Roth,,Europe,Germany
12477,America,Powers,,Europe,Germany
12480,Briana,Lozano,,Europe,Germany
12481,Alessandra,Rowland,,Europe,Germany
12483,Jessica,Bishop,,Europe,Sweden
12484,Santino,Blankenship,,Europe,Spain
12489,Carley,Matthews,,Europe,France
12490,Roman,Frank,,Europe,France
12494,Cristofer,Foster,,Europe,France
12500,Jessica,Roberson,,Europe,Germany
12501,Gemma,Wiggins,,Europe,Germany
12502,Jaylan,Reynolds,,Europe,Spain
12506,Talia,Wagner,,Europe,France
12507,Mara,Hester,,Europe,Spain
12509,Antoine,Mcguire,,Europe,France
12510,Franco,Blanchard,,Europe,Spain
12514,Jeremy,Welch,,Europe,Italy
12520,Rylee,Hickman,,Europe,Germany
12523,Jaeden,Meyer,,Europe,France
12524,Quincy,Griffin,,Europe,Germany
12527,Justice,Velasquez,,Europe,Germany
12528,Tomas,Rose,,Europe,Germany
12530,Case,Chang,,Europe,Germany
12539,Braeden,Lester,,Europe,Spain
12540,Leonardo,Dunn,,Europe,Spain
12541,Tatiana,Valentine,,Europe,Spain
12545,Kamila,Mejia,,Europe,Spain
12547,Sophie,Mueller,,Europe,Spain
12553,Joanna,Mcdowell,,Europe,France
12557,Yadira,Watkins,,Europe,Spain
12559,Talan,Delgado,,Europe,Germany
12561,Kamren,Abbott,,Europe,Germany
12564,Cullen,Duarte,,Europe,France
12565,Cory,Singleton,,Middle East,Saudi Arabia
12567,Austin,Dawson,,Europe,France
12569,Colby,Cole,,Europe,Germany
12573,Sheldon,Richards,,Europe,France
12574,Helen,Porter,,Europe,France
12576,Ryder,Chen,,Europe,Poland
12578,Salvador,Mooney,,Europe,Italy
12580,Yadira,Carpenter,,Europe,Germany
12582,Demetrius,Bradley,,Europe,Finland
12583,Javion,Burnett,,Europe,France
12584,Sonny,Beard,,Europe,Italy
12585,Maximo,Copeland,,Europe,Germany
12591,Devan,Arellano,,Europe,Italy
12594,Ellie,Castro,,Europe,Italy
12596,Andrea,Matthews,,Europe,Spain
12597,Selina,Fields,,Europe,Spain
12598,Brody,Moyer,,Europe,France
12599,Joseph,Brennan,,Europe,France
12600,Alena,Powell,,Europe,Germany
12601,Brodie,Franco,,Europe,Germany
12604,Allen,Erickson,,Europe,France
12609,Maren,Beck,,Europe,Germany
12613,Brooklyn,Alvarado,,Europe,Germany
12614,Noelle,Knapp,,Europe,Germany
12616,Yusuf,Mosley,,Europe,France
12619,Alia,Herrera,,Europe,Germany
12621,Ramiro,Mckinney,,Europe,Germany
12622,Elise,Hamilton,,Europe,Germany
12623,Michelle,Frederick,,Europe,Germany
12625,Madelyn,Grimes,,Europe,Germany
12626,Melina,Trevino,,Europe,Germany
12633,Reese,Cabrera,,Europe,Germany
12637,Yoselin,Thomas,,Europe,France
12639,Colin,Nicholson,,Europe,Sweden
12643,Nickolas,Elliott,,Europe,France
12645,Lorena,Melendez,,Europe,Germany
12647,Aditya,Ortiz,,Europe,Germany
12651,Aspen,Wolfe,,Europe,France
12652,Slade,Velez,,Europe,France
12653,Kaitlin,Buck,,Middle East,Israel
12654,Branden,Hughes,,Europe,Germany
12656,Lila,Martinez,,Europe,France
12662,Sean,Macias,,Europe,Germany
12664,Trevon,Marshall,,Europe,Finland
12665,Tania,Rangel,,Europe,Germany
12668,Anabel,Barry,,Europe,Germany
12669,Jeremy,Benton,,Europe,France
12670,Malakai,Buckley,,Europe,France
12672,Alanna,Woodard,,Europe,France
12673,Deven,Jones,,Europe,Germany
12676,Quinten,Dickson,,Europe,Sweden
12678,Shiloh,Kim,,Europe,France
12679,Harley,Griffin,,Europe,France
12681,Esperanza,Bennett,,Europe,France
12682,Sadie,Hahn,,Europe,France
12683,Payten,Finley,,Europe,France
12691,Carla,Mathis,,Europe,France
12693,Marcus,Wilkins,,Europe,Germany
12701,Kenzie,Ali,,Europe,Germany
12705,Allie,Greer,,Europe,Germany
12707,Andrew,Sloan,,Europe,France
12708,Tiffany,Villarreal,,Europe,Germany
12709,Rowan,Sweeney,,Europe,Germany
12712,Philip,Kramer,,Europe,Germany
12714,Leticia,Lane,,Europe,France
12717,Ramiro,Silva,,Europe,Greece
12720,Karlie,Novak,,Europe,Germany
12721,Yuliana,Rhodes,,Europe,France
12724,Aliyah,Chan,,Europe,France
12726,Jameson,Neal,,Europe,France
12727,Sage,Landry,,Europe,France
12728,Anabel,Bass,,Europe,France
12731,Wyatt,Banks,,Europe,France
12733,Karson,Rios,,North America,USA
12735,Cloe,Velez,,Europe,France
12736,Ulises,Nguyen,,Europe,France
12744,Jaylen,Chan,,Asia-Pacific,Singapore
12747,Laila,Bender,,Europe,United Kingdom
12748,Mckinley,Olsen,,Europe,United Kingdom
12753,Lauren,Charles,,Asia-Pacific,Japan
12754,Braelyn,Bates,,Asia-Pacific,Japan
12755,Shannon,Kidd,,Asia-Pacific,Japan
12758,Angel,Duke,,Europe,Portugal
12759,Jamarion,Hancock,,Europe,Netherlands
12764,Mya,Jennings,,Middle East,Lebanon
12766,Ralph,Barajas,,Europe,Portugal
12769,Logan,Phelps,,South America,Brazil
12775,Raquel,Arroyo,,Europe,Netherlands
12778,Brodie,Hood,,Europe,Netherlands
12779,Maximilian,Poole,,Europe,Poland
12781,Brent,Parks,,Europe,Czech Republic
12782,Izayah,Dennis,,Europe,Portugal
12792,Mikaela,Levy,,Europe,Portugal
12793,Kailey,Mata,,Europe,Portugal
12811,Micah,Olsen,,Europe,Portugal
12817,Luciana,Duke,,Europe,Austria
12818,Penelope,Benitez,,Europe,Austria
12820,Sasha,Salinas,,Europe,United Kingdom
12823,Ace,Watson,,Europe,United Kingdom
12826,Jazlynn,Thomas,,Europe,United Kingdom
12829,Ben,Manning,,Europe,United Kingdom
12831,Holden,Vang,,Europe,United Kingdom
12834,Quintin,Greer,,Europe,United Kingdom
12836,Aarav,Thornton,,Europe,United Kingdom
12839,Hadley,Meza,,Europe,United Kingdom
12840,Jordyn,Tapia,,Europe,United Kingdom
12841,Nathan,Strickland,,Europe,United Kingdom
12842,Jakob,Dudley,,Europe,United Kingdom
12843,Ronnie,Gibson,,Europe,United Kingdom
12845,Demarion,Mata,,Europe,United Kingdom
12849,Kassidy,Murillo,,Europe,United Kingdom
12852,Camren,Hopkins,,Europe,United Kingdom
12853,Amira,Wood,,Europe,United Kingdom
12854,Agustin,Contreras,,Europe,United Kingdom
12857,Megan,Adams,,Europe,United Kingdom
12866,Eve,Barry,,Europe,Belgium
12867,Eve,Barker,,Europe,United Kingdom
12868,Riley,Keith,,Europe,United Kingdom
12872,Amare,Bowman,,Europe,United Kingdom
12873,Kaydence,Silva,,Europe,United Kingdom
12877,Cecilia,Bridges,,Europe,United Kingdom
12878,Heidi,Mcclain,,Europe,United Kingdom
12881,Natalia,Waters,,Europe,United Kingdom
12888,Aliana,Liu,,Europe,United Kingdom
12891,Alondra,Pham,,Europe,United Kingdom
12897,Alexis,Farley,,Europe,United Kingdom
12901,Kymani,Gillespie,,Europe,United Kingdom
12902,Ashly,Bright,,Europe,United Kingdom
12908,Taliyah,Kaufman,,Europe,United Kingdom
12909,Mauricio,Nichols,,Europe,United Kingdom
12910,Kaylah,Villegas,,Europe,United Kingdom
12913,Kelsey,Booth,,Europe,United Kingdom
12916,Cash,Nash,,Europe,United Kingdom
12921,Kaydence,Morgan,,Europe,United Kingdom
12924,Areli,Ruiz,,Europe,United Kingdom
12928,Chase,Christensen,,Europe,United Kingdom
12929,Leonard,Chase,,Europe,United Kingdom
12931,Lacey,Pearson,,Europe,United Kingdom
12933,Kendall,Parsons,,Europe,United Kingdom
12935,Hillary,Davidson,,Europe,United Kingdom
12937,Alfredo,Bryant,,Europe,United Kingdom
12939,Harley,Garrett,,Europe,United Kingdom
12945,Zechariah,Bowen,,Europe,United Kingdom
12947,Annabelle,Stevenson,,Europe,United Kingdom
12948,Annie,Smith,,Europe,United Kingdom
12949,Cornelius,Wilkins,,Europe,United Kingdom
12951,Naima,Estes,,Europe,United Kingdom
12955,Damari,Hammond,,Europe,United Kingdom
12956,Ibrahim,Michael,,Europe,United Kingdom
12957,Elliott,Austin,,Europe,United Kingdom
12970,Carly,Ferrell,,Europe,United Kingdom
12971,Byron,Grimes,,Europe,United Kingdom
12980,Alissa,Nolan,,Europe,United Kingdom
12982,Annalise,Stuart,,Europe,United Kingdom
12988,Oswaldo,Krause,,Europe,United Kingdom
12989,Curtis,Pope,,Europe,United Kingdom
12990,Itzel,Daniel,,Europe,United Kingdom
12993,Ashton,Ashley,,Europe,United Kingdom
12994,Rishi,Rodgers,,Europe,United Kingdom
12997,Mayra,Ortiz,,Europe,United Kingdom
12999,Makena,Chang,,Europe,United Kingdom
13000,Raphael,Cross,,Europe,United Kingdom
13001,Alonzo,Mcneil,,Europe,United Kingdom
13002,Adalynn,Norman,,Europe,United Kingdom
13004,Anika,Phelps,,Europe,United Kingdom
13005,Lucia,Jacobs,,Europe,United Kingdom
13008,Garrett,Neal,,Europe,United Kingdom
13012,Evan,Kaufman,,Europe,United Kingdom
13013,Savanna,Todd,,Europe,United Kingdom
13014,Nia,Beasley,,Europe,United Kingdom
13015,Bennett,Trujillo,,Europe,United Kingdom
13018,Leandro,Coleman,,Europe,United Kingdom
13021,Kaya,Hooper,,Europe,United Kingdom
13026,Ada,Robinson,,Europe,United Kingdom
13027,Noel,Wiggins,,Europe,United Kingdom
13035,Brian,Rivera,,Europe,United Kingdom
13037,Lillie,Doyle,,Europe,United Kingdom
13038,Dawson,Patrick,,Europe,United Kingdom
13043,Layne,Yang,,Europe,United Kingdom
13044,Alice,Morgan,,Europe,United Kingdom
13046,Clark,Booth,,Europe,United Kingdom
13047,Kimora,Wiley,,Europe,United Kingdom
13048,Stephanie,Hale,,Europe,United Kingdom
13049,Virginia,Friedman,,Europe,United Kingdom
13050,Bailee,Johnston,,Europe,United Kingdom
13059,Gabriela,Mercer,,Europe,United Kingdom
13060,Gisselle,Duffy,,Europe,United Kingdom
13064,Leo,Reed,,Europe,United Kingdom
13068,Sergio,Lynn,,Europe,United Kingdom
13069,Jamarcus,Webb,,Europe,United Kingdom
13072,Dillan,Mays,,Europe,United Kingdom
13077,Heidi,Cannon,,Europe,United Kingdom
13078,Phoenix,Macias,,Europe,United Kingdom
13081,Tania,Benitez,,Europe,United Kingdom
13082,Raul,Carey,,Europe,United Kingdom
13085,Evie,Hobbs,,Europe,United Kingdom
13089,Victoria,Giles,,Europe,United Kingdom
13090,Omari,Kirk,,Europe,United Kingdom
13092,Gary,Bennett,,Europe,United Kingdom
13093,Kyra,Collins,,Europe,United Kingdom
13094,Mya,Ho,,Europe,United Kingdom
13097,Annabel,Cox,,Europe,United Kingdom
13098,Johnny,Montes,,Europe,United Kingdom
13101,Aliya,Chung,,Europe,United Kingdom
13102,Isabell,Oneill,,Europe,United Kingdom
13104,Rodrigo,Molina,,Europe,United Kingdom
13107,Uriel,Mccoy,,Europe,United Kingdom
13110,Sawyer,Moss,,Europe,United Kingdom
13113,Reilly,Cervantes,,Europe,United Kingdom
13117,Yadiel,Huff,,Europe,United Kingdom
13118,Charlie,Reed,,Europe,United Kingdom
13120,Jamarcus,Moore,,Europe,United Kingdom
13121,Corinne,Gonzales,,Europe,United Kingdom
13122,Duncan,Lopez,,Europe,United Kingdom
13124,William,Blackwell,,Europe,United Kingdom
13126,Dangelo,Kemp,,Europe,United Kingdom
13132,Hamza,Gilbert,,Europe,United Kingdom
13133,Kyle,Gordon,,Europe,United Kingdom
13134,Marley,Avery,,Europe,United Kingdom
13137,Josiah,Manning,,Europe,United Kingdom
13138,Jaidyn,Kaufman,,Europe,United Kingdom
13139,Janiyah,Hodge,,Europe,United Kingdom
13141,Nadia,Sweeney,,Europe,United Kingdom
13144,Isabell,Hinton,,Europe,United Kingdom
13148,Isiah,Wolf,,Europe,United Kingdom
13149,Yesenia,Young,,Europe,United Kingdom
13151,Silas,Elliott,,Europe,United Kingdom
13155,Braelyn,Finley,,Europe,United Kingdom
13157,Jasper,Church,,Europe,United Kingdom
13158,Tia,Wu,,Europe,United Kingdom
13161,Jazmyn,Montes,,Europe,United Kingdom
13162,Quinten,Simmons,,Europe,United Kingdom
13166,Ali,Gray,,Europe,United Kingdom
13168,Serenity,Valenzuela,,Europe,United Kingdom
13169,Ashly,Rich,,Europe,United Kingdom
13171,Marquis,Dalton,,Europe,United Kingdom
13174,Isabel,Young,,Europe,United Kingdom
13178,Caitlyn,Mullins,,Europe,United Kingdom
13183,Janessa,Ibarra,,Europe,United Kingdom
13184,Cooper,Goodwin,,Europe,United Kingdom
13185,Owen,Kent,,Europe,United Kingdom
13187,Parker,Cruz,,Europe,United Kingdom
13196,Reilly,Pearson,,Europe,United Kingdom
13198,Ruby,Vaughan,,Europe,United Kingdom
13199,Ashanti,Walter,,Europe,United Kingdom
13203,Ada,Trevino,,Europe,United Kingdom
13208,Lucian,Schneider,,Europe,United Kingdom
13209,Kayley,Estes,,Europe,United Kingdom
13216,Leonard,Wolfe,,Europe,United Kingdom
13220,Alfredo,Mcknight,,Europe,United Kingdom
13221,Nick,Moss,,Europe,United Kingdom
13223,Adelaide,Cannon,,Europe,United Kingdom
13225,Lawson,English,,Europe,United Kingdom
13226,Jairo,Valencia,,Europe,United Kingdom
13229,Rey,Yang,,Europe,United Kingdom
13230,Dalia,Fry,,Europe,United Kingdom
13232,Damien,Edwards,,Europe,United Kingdom
13233,Christopher,Bullock,,Europe,United Kingdom
13239,Helena,Arias,,Europe,United Kingdom
13240,Mary,Jordan,,Europe,United Kingdom
13246,Nyla,Pineda,,Europe,United Kingdom
13249,Vincent,Barry,,Europe,United Kingdom
13253,Elijah,Moody,,Europe,United Kingdom
13261,Aisha,Vance,,Europe,United Kingdom
13262,Landyn,Dunn,,Europe,United Kingdom
13263,Joshua,Krueger,,Europe,United Kingdom
13265,Emery,Arroyo,,Europe,United Kingdom
13266,Evie,Stafford,,Europe,United Kingdom
13267,Elianna,Wiggins,,Europe,United Kingdom
13268,Frida,Castaneda,,Europe,United Kingdom
13269,Easton,Vega,,Europe,United Kingdom
13280,Asia,Payne,,Europe,United Kingdom
13284,Aleah,Mccarthy,,Europe,United Kingdom
13285,Janet,Gibbs,,Europe,United Kingdom
13292,River,Nelson,,Europe,United Kingdom
13294,Sterling,Gibbs,,Europe,United Kingdom
13299,Clara,Kaufman,,Europe,United Kingdom
13301,Jade,Hays,,Europe,United Kingdom
13305,Sawyer,Lara,,Europe,United Kingdom
13309,Cael,Fowler,,Europe,United Kingdom
13310,Joslyn,Alvarado,,Europe,United Kingdom
13313,Lillie,Blackwell,,Europe,United Kingdom
13316,Lukas,Wu,,Europe,United Kingdom
13317,Santino,Aguirre,,Europe,United Kingdom
13319,Konnor,Hatfield,,Europe,United Kingdom
13324,Julia,Bowen,,Europe,United Kingdom
13327,Lydia,Christensen,,Europe,United Kingdom
13328,Roderick,Henson,,Europe,United Kingdom
13330,Kamora,Robinson,,Europe,United Kingdom
13334,Kylie,Russo,,Europe,United Kingdom
13340,Corbin,Hutchinson,,Europe,United Kingdom
13341,Carsen,Klein,,Europe,United Kingdom
13344,Ean,Ayers,,Europe,United Kingdom
13345,Zackary,Cannon,,Europe,United Kingdom
13357,Ace,Miles,,Europe,United Kingdom
13358,Olivia,Holloway,,Europe,United Kingdom
13362,Clara,Mccann,,Europe,United Kingdom
13368,Blake,Schaefer,,Europe,United Kingdom
13373,Isabelle,Mcgrath,,Europe,United Kingdom
13376,Seamus,Horton,,Europe,United Kingdom
13381,Serena,Roach,,Europe,United Kingdom
13382,Pamela,Robles,,Europe,United Kingdom
13385,Jewel,Fowler,,Europe,United Kingdom
13389,Valentina,Hart,,Europe,United Kingdom
13394,Harper,Herman,,Europe,United Kingdom
13396,Rodney,Harvey,,Europe,United Kingdom
13397,Marley,Bonilla,,Europe,United Kingdom
13405,Luis,Brewer,,Europe,United Kingdom
13408,Essence,Strickland,,Europe,United Kingdom
13410,Selah,Bright,,Europe,United Kingdom
13414,Jaylin,Vaughan,,Europe,United Kingdom
13418,Bentley,Key,,Europe,United Kingdom
13421,John,Rose,,Europe,United Kingdom
13425,Elias,Hardy,,Europe,United Kingdom
13426,Tomas,Fry,,Europe,United Kingdom
13439,Lyric,Joyce,,Europe,United Kingdom
13451,Damaris,Dalton,,Europe,United Kingdom
13452,Alberto,Richardson,,Europe,United Kingdom
13453,Areli,Morgan,,Europe,United Kingdom
13458,Elaina,Tucker,,Europe,United Kingdom
13462,Cohen,Rubio,,Europe,United Kingdom
13468,Aaron,Estes,,Europe,United Kingdom
13473,Izabella,Davenport,,Europe,United Kingdom
13474,Ainsley,Gill,,Europe,United Kingdom
13475,Makai,Hanna,,Europe,United Kingdom
13476,Layla,Pollard,,Europe,United Kingdom
13477,Marquis,Olsen,,Europe,United Kingdom
13479,Jace,Macdonald,,Europe,United Kingdom
13481,Hailey,Smith,,Europe,United Kingdom
13482,Diana,Lynch,,Europe,United Kingdom
13484,Carlie,Lambert,,Europe,United Kingdom
13485,Elsa,Sherman,,Europe,United Kingdom
13488,Adriel,Glass,,Europe,United Kingdom
13489,Marcos,Curtis,,Europe,United Kingdom
13491,Cristina,Mills,,Europe,United Kingdom
13493,Ansley,Benson,,Europe,Switzerland
13494,Karen,Snow,,Europe,United Kingdom
13495,Daniela,Hess,,Europe,United Kingdom
13497,Salvatore,Richardson,,Europe,United Kingdom
13499,Keira,Valencia,,Europe,United Kingdom
13501,Messiah,Lucero,,Europe,Switzerland
13502,Tessa,Mora,,Europe,United Kingdom
13505,Israel,Cox,,Europe,Switzerland
13506,Junior,Payne,,Europe,United Kingdom
13508,Sidney,George,,Europe,United Kingdom
13509,Kailee,Park,,Europe,United Kingdom
13512,Cole,Hawkins,,Europe,United Kingdom
13515,Abdullah,Giles,,Europe,United Kingdom
13516,Taniya,Barnes,,Europe,United Kingdom
13520,Emiliano,Maxwell,,Europe,Switzerland
13525,Marina,Mcpherson,,Europe,United Kingdom
13527,Annabel,Koch,,Europe,United Kingdom
13533,Joaquin,Hanna,,Europe,United Kingdom
13534,King,Nixon,,Europe,United Kingdom
13538,Skylar,Roman,,Europe,United Kingdom
13539,Azaria,Salas,,Europe,United Kingdom
13544,Eden,Knight,,Europe,United Kingdom
13548,Stephany,Armstrong,,Europe,United Kingdom
13549,Paxton,Wilkerson,,Europe,United Kingdom
13551,Isabel,Cervantes,,Europe,United Kingdom
13552,Sage,Nolan,,Europe,United Kingdom
13557,Brennan,Hudson,,Europe,United Kingdom
13562,Kaylynn,Houston,,Europe,United Kingdom
13565,Steven,Rosales,,Europe,United Kingdom
13570,Caitlyn,Wood,,Europe,United Kingdom
13571,Iris,Wilcox,,Europe,United Kingdom
13573,Amelie,Anderson,,Europe,United Kingdom
13576,Keshawn,Mathews,,Europe,United Kingdom
13577,Hamza,Andersen,,Europe,United Kingdom
13581,Theresa,Mills,,Europe,United Kingdom
13584,Litzy,Fields,,Europe,United Kingdom
13588,Leonardo,Wall,,Europe,United Kingdom
13590,Helena,Rocha,,Europe,United Kingdom
13591,Jaidyn,Simon,,Europe,United Kingdom
13592,Jaeden,Faulkner,,Europe,United Kingdom
13593,Nico,Vazquez,,Europe,United Kingdom
13599,Gilbert,Maxwell,,Europe,United Kingdom
13600,Sidney,Hays,,Europe,United Kingdom
13606,Leandro,Gordon,,Europe,United Kingdom
13610,Jamie,Johnson,,Europe,United Kingdom
13614,Angel,Collins,,Europe,United Kingdom
13615,Josh,Oneill,,Europe,United Kingdom
13623,Princess,Holden,,Europe,United Kingdom
13626,Abagail,Lutz,,Europe,United Kingdom
13629,Adriel,Waters,,Europe,United Kingdom
13630,August,Lindsey,,Europe,United Kingdom
13631,Aubrey,Gates,,Europe,United Kingdom
13632,Kiley,Watson,,Europe,United Kingdom
13634,Lina,Yu,,Europe,United Kingdom
13636,Taylor,Guerrero,,Europe,United Kingdom
13637,Clara,Daugherty,,Europe,United Kingdom
13647,June,Duffy,,Europe,United Kingdom
13649,Kaiden,Cooke,,Europe,United Kingdom
13650,Jocelynn,Rosales,,Europe,United Kingdom
13652,Darwin,Parks,,Europe,United Kingdom
13654,Bobby,Keller,,Europe,United Kingdom
13655,Talia,Hurst,,Europe,United Kingdom
13656,Theresa,Houston,,Europe,United Kingdom
13659,Angel,Barry,,Europe,United Kingdom
13662,Addyson,Smith,,Europe,United Kingdom
13666,Ace,Stout,,Europe,United Kingdom
13668,Jamison,Haney,,Europe,United Kingdom
13672,Deegan,Powell,,Europe,United Kingdom
13675,Lacey,Cisneros,,Europe,United Kingdom
13680,Jessie,Esparza,,Europe,United Kingdom
13684,Christian,Randolph,,Europe,United Kingdom
13692,Justice,Koch,,Europe,United Kingdom
13694,Franklin,Glass,,Europe,United Kingdom
13695,Junior,Rivera,,Europe,United Kingdom
13700,Gregory,Palmer,,Europe,United Kingdom
13703,Hillary,Stuart,,Europe,United Kingdom
13706,Jaxson,Gibson,,Europe,United Kingdom
13707,Lawson,Terry,,Europe,United Kingdom
13708,Waylon,Crawford,,Europe,United Kingdom
13709,Juliet,Wolf,,Europe,United Kingdom
13712,Harrison,Chase,,Europe,United Kingdom
13715,Quinn,Mitchell,,Europe,United Kingdom
13716,Jonathan,Colon,,Europe,United Kingdom
13717,Bradyn,Adams,,Europe,United Kingdom
13718,Zaria,Kane,,Europe,United Kingdom
13719,Coby,Mcfarland,,Europe,United Kingdom
13720,Camryn,Ashley,,Europe,United Kingdom
13722,Madeline,Wiley,,Europe,United Kingdom
13725,Isabelle,Mckee,,Europe,United Kingdom
13728,Alessandra,Flowers,,Europe,United Kingdom
13731,Kyra,Rice,,Europe,United Kingdom
13735,Luz,Fowler,,Europe,United Kingdom
13736,Shane,Mejia,,Europe,United Kingdom
13740,Conor,Brown,,Europe,United Kingdom
13742,Maliyah,Sampson,,Europe,United Kingdom
13743,Arthur,Buckley,,Europe,United Kingdom
13744,Laura,Hood,,Europe,United Kingdom
13748,Lizbeth,Newton,,Europe,United Kingdom
13750,Guillermo,Houston,,Europe,United Kingdom
13751,Kyla,Rubio,,Europe,United Kingdom
13752,Aydin,Hurley,,Europe,United Kingdom
13753,Konner,Alvarez,,Europe,United Kingdom
13754,Kailyn,Reid,,Europe,United Kingdom
13758,Leilani,Livingston,,Europe,United Kingdom
13760,David,Bradley,,Europe,United Kingdom
13764,Cailyn,Burke,,Europe,United Kingdom
13767,Rigoberto,Bullock,,Europe,United Kingdom
13769,Skye,Lewis,,Europe,United Kingdom
13771,Branson,Lucas,,Europe,United Kingdom
13772,Nayeli,Mccormick,,Europe,United Kingdom
13777,Kathleen,Vincent,,Europe,United Kingdom
13781,Sage,Weaver,,Europe,United Kingdom
13782,Emmett,Mckenzie,,Europe,United Kingdom
13784,Branden,Rich,,Europe,United Kingdom
13792,Nicolas,Hoover,,Europe,United Kingdom
13798,Livia,Mayer,,Europe,United Kingdom
13799,Aliana,Rivas,,Europe,United Kingdom
13800,Makenzie,Romero,,Europe,United Kingdom
13802,Matteo,Boyd,,Europe,United Kingdom
13803,Jaylin,Russo,,Europe,United Kingdom
13804,Lola,Ramsey,,Europe,United Kingdom
13809,Kamron,Solis,,Europe,Cyprus
13811,Kaylynn,Bush,,Europe,Germany
13815,Aspen,Braun,,Europe,Germany
13819,Zachariah,Chung,,Europe,United Kingdom
13821,Cordell,Leonard,,Europe,United Kingdom
13824,Chana,Baird,,Europe,United Kingdom
13837,Ellen,Saunders,,Europe,United Kingdom
13841,Aditya,Dickerson,,Europe,United Kingdom
13842,Dawson,Buckley,,Europe,United Kingdom
13846,Nathanial,Pope,,Europe,United Kingdom
13848,Isabel,Strickland,,Europe,United Kingdom
13851,Slade,Skinner,,Europe,United Kingdom
13854,Tania,Morrow,,Europe,United Kingdom
13859,Cordell,Stephens,,Europe,United Kingdom
13862,Rogelio,Watson,,Europe,United Kingdom
13863,Reece,Rasmussen,,Europe,United Kingdom
13865,Elliot,Mccarthy,,Europe,United Kingdom
13869,Cristopher,Branch,,Europe,United Kingdom
13870,Jamie,Salas,,Europe,United Kingdom
13871,Elsa,Butler,,Europe,United Kingdom
13873,Ashly,Palmer,,Europe,United Kingdom
13875,Rowan,Irwin,,Europe,United Kingdom
13880,Troy,Monroe,,Europe,United Kingdom
13881,Porter,Strong,,Europe,United Kingdom
13883,Jasiah,Washington,,Europe,United Kingdom
13884,Henry,Avery,,Europe,United Kingdom
13892,Christian,Schultz,,Europe,United Kingdom
13893,Tristian,Trevino,,Europe,United Kingdom
13894,Warren,Figueroa,,Europe,United Kingdom
13898,Oscar,Shah,,Europe,United Kingdom
13899,Joshua,Petersen,,Europe,United Kingdom
13900,Jaylen,Pearson,,Europe,United Kingdom
13901,Kyla,Perez,,Europe,United Kingdom
13904,Shyann,Becker,,Europe,United Kingdom
13908,Scott,Crosby,,Europe,United Kingdom
13911,Mireya,Zhang,,Europe,United Kingdom
13918,Christopher,Drake,,Europe,United Kingdom
13929,Cheyanne,Ford,,Europe,United Kingdom
13931,Jasper,Camacho,,Europe,United Kingdom
13932,Harmony,Gutierrez,,Europe,United Kingdom
13934,Bentley,Cummings,,Europe,United Kingdom
13939,Haven,Key,,Europe,United Kingdom
13941,Janiah,May,,Europe,United Kingdom
13946,Conor,Brewer,,Europe,United Kingdom
13950,Jaden,Elliott,,Europe,United Kingdom
13951,Messiah,Mcmahon,,Europe,United Kingdom
13952,Mina,Lucero,,Europe,United Kingdom
13953,Jordyn,Reid,,Europe,United Kingdom
13955,Brenda,Duarte,,Europe,United Kingdom
13956,Layla,Bender,,Europe,United Kingdom
13959,Janessa,Crosby,,Europe,United Kingdom
13962,Skye,White,,Europe,United Kingdom
13963,Demarion,Riddle,,Europe,United Kingdom
13969,Adalynn,Castaneda,,Europe,United Kingdom
13971,Jett,Rogers,,Europe,United Kingdom
13973,Ashlyn,Harmon,,Europe,United Kingdom
13975,Triston,Lucas,,Europe,United Kingdom
13982,Leland,Duncan,,Europe,United Kingdom
13983,Angel,Brown,,Europe,United Kingdom
13984,Jake,Walker,,Europe,United Kingdom
13985,Aaron,Barnett,,Europe,United Kingdom
13988,Mario,Walton,,Europe,United Kingdom
13989,Eddie,Prince,,Europe,United Kingdom
13993,Marisa,Robinson,,Europe,United Kingdom
13995,Izaiah,Norman,,Europe,United Kingdom
13999,Juliana,Estrada,,Europe,United Kingdom
14001,Ruby,Grimes,,Europe,United Kingdom
14004,Gillian,Suarez,,Europe,United Kingdom
14006,Jesus,Le,,Europe,United Kingdom
14012,Crystal,Combs,,Europe,United Kingdom
14013,Killian,Hicks,,Europe,United Kingdom
14021,Brock,Rasmussen,,Europe,United Kingdom
14022,Dylan,Bentley,,Europe,United Kingdom
14023,Gabriela,Mahoney,,Europe,United Kingdom
14030,Desiree,Camacho,,Europe,United Kingdom
14031,Jonathon,Briggs,,Europe,United Kingdom
14032,Eddie,Charles,,Europe,United Kingdom
14035,Memphis,Rhodes,,Europe,United Kingdom
14036,Johnny,Stuart,,Europe,United Kingdom
14040,Sincere,Pace,,Europe,United Kingdom
14041,Julio,Singh,,Europe,United Kingdom
14044,Makena,Dalton,,Europe,United Kingdom
14045,Zavier,Padilla,,Europe,United Kingdom
14046,Aydin,Gibson,,Europe,United Kingdom
14047,Adam,Collier,,Europe,United Kingdom
14048,Cristopher,Colon,,Europe,United Kingdom
14049,Dillon,Waters,,Europe,United Kingdom
14051,Damion,Beck,,Europe,United Kingdom
14056,Randall,Wheeler,,Europe,United Kingdom
14057,Dante,Acosta,,Europe,United Kingdom
14059,Brady,Contreras,,Europe,United Kingdom
14060,Elyse,Copeland,,Europe,United Kingdom
14062,Cristopher,Sims,,Europe,United Kingdom
14064,Carlos,Durham,,Europe,United Kingdom
14066,Dakota,Cervantes,,Europe,United Kingdom
14068,Kamari,Spence,,Europe,United Kingdom
14071,Jadyn,Diaz,,Europe,United Kingdom
14075,Jewel,Galvan,,Europe,United Kingdom
14077,Justice,Berry,,Europe,United Kingdom
14078,Raina,Morse,,Europe,United Kingdom
14081,Kaya,Hawkins,,Europe,United Kingdom
14083,Amare,Dodson,,Europe,United Kingdom
14085,Collin,Donaldson,,Europe,United Kingdom
14088,Leroy,Riley,,Europe,United Kingdom
14090,Ryleigh,Santiago,,Europe,United Kingdom
14092,Brylee,Richards,,Europe,United Kingdom
14099,Gabrielle,Herrera,,Europe,United Kingdom
14101,Damon,Oneal,,Europe,United Kingdom
14105,Leticia,Riddle,,Europe,United Kingdom
14107,Phoenix,Knight,,Europe,United Kingdom
14110,Trent,Hurley,,Europe,United Kingdom
14111,Selena,Buchanan,,Europe,United Kingdom
14112,Aryanna,Graham,,Europe,United Kingdom
14114,Jayson,Romero,,Europe,United Kingdom
14127,Jaylynn,David,,Europe,United Kingdom
14128,Aisha,Tate,,Europe,United Kingdom
14129,Freddy,Cole,,Europe,United Kingdom
14130,Cadence,Hurst,,Europe,United Kingdom
14133,Jayce,Kelly,,Europe,United Kingdom
14135,Deborah,Ochoa,,Europe,United Kingdom
14146,Marie,Mcdowell,,Europe,United Kingdom
14147,Jay,Vang,,Europe,United Kingdom
14148,Nia,Baird,,Europe,United Kingdom
14152,Cristofer,Hubbard,,Europe,United Kingdom
14154,Ali,Ball,,Europe,United Kingdom
14155,Madison,Foley,,Europe,United Kingdom
14157,Amiah,Walter,,Europe,United Kingdom
14159,Kelton,Barry,,Europe,United Kingdom
14161,Pierce,Sherman,,Europe,United Kingdom
14162,Donovan,Goodman,,Europe,United Kingdom
14163,Cara,Davidson,,Europe,United Kingdom
14165,Savion,Melton,,Europe,United Kingdom
14167,Krish,Singleton,,Europe,United Kingdom
14175,Brennan,Hoffman,,Europe,United Kingdom
14176,Cora,Spencer,,Europe,United Kingdom
14180,Santos,Nguyen,,Europe,United Kingdom
14185,Esmeralda,Chapman,,Europe,United Kingdom
14188,Ann,Lamb,,Europe,United Kingdom
14189,Todd,Cook,,Europe,United Kingdom
14193,Deangelo,Washington,,Europe,United Kingdom
14194,Markus,Stokes,,Europe,United Kingdom
14195,Jaden,Ali,,Europe,United Kingdom
14198,Javier,Harrington,,Europe,United Kingdom
14201,Gavyn,Haynes,,Europe,United Kingdom
14205,Elliana,Mcneil,,Europe,United Kingdom
14206,Rafael,Lambert,,Europe,United Kingdom
14209,Jasmin,Mcdowell,,Europe,United Kingdom
14210,Melina,Michael,,Europe,United Kingdom
14211,Miracle,Khan,,Europe,United Kingdom
14214,Allan,Pacheco,,Europe,United Kingdom
14215,Adelaide,Pena,,Europe,United Kingdom
14217,Lilah,Andrade,,Europe,United Kingdom
14220,Angelo,Fuller,,Europe,United Kingdom
14221,Roberto,Barry,,Europe,United Kingdom
14223,Reese,Gross,,Europe,United Kingdom
14224,Chance,Clarke,,Europe,United Kingdom
14226,Lena,Willis,,Europe,United Kingdom
14227,Teagan,Thomas,,Europe,United Kingdom
14229,Cordell,Powers,,Europe,United Kingdom
14231,Eli,Fox,,Europe,United Kingdom
14232,Tommy,Jordan,,Europe,United Kingdom
14233,Melina,Cooley,,Europe,United Kingdom
14235,Marlene,Guerra,,Europe,United Kingdom
14238,Royce,Arroyo,,Europe,United Kingdom
14239,Akira,Stephenson,,Europe,United Kingdom
14240,Holly,Mullins,,Europe,United Kingdom
14242,Savanah,Barrett,,Europe,United Kingdom
14243,Cael,Hoffman,,Europe,United Kingdom
14245,Garrett,Shea,,Europe,United Kingdom
14246,Atticus,Greene,,Europe,United Kingdom
14247,Branden,Reid,,Europe,United Kingdom
14248,Winston,Lozano,,Europe,United Kingdom
14256,Kieran,Choi,,Europe,United Kingdom
14257,Miley,Winters,,Europe,United Kingdom
14258,Quinn,Adkins,,Europe,United Kingdom
14262,Sanai,Hurst,,Europe,United Kingdom
14264,Paisley,Hutchinson,,Europe,United Kingdom
14267,Reagan,Callahan,,Europe,United Kingdom
14270,Steve,Lang,,Europe,United Kingdom
14271,Ayaan,Olsen,,Europe,United Kingdom
14272,Johnathan,Howard,,Europe,United Kingdom
14273,Fabian,Mcclain,,Europe,United Kingdom
14276,Kamryn,Baker,,Europe,United Kingdom
14282,Ruben,Trevino,,Europe,United Kingdom
14286,Angelique,Joyce,,Europe,United Kingdom
14289,Mauricio,House,,Europe,United Kingdom
14291,Regan,Booth,,Europe,United Kingdom
14292,Shyanne,Collins,,Europe,United Kingdom
14293,Bella,Gill,,Europe,United Kingdom
14297,Melanie,Murphy,,Europe,United Kingdom
14298,Rachael,Frederick,,Europe,United Kingdom
14299,Blake,Holt,,Europe,United Kingdom
14307,Samir,Oconnell,,Europe,United Kingdom
14309,Jaron,Ayers,,Europe,United Kingdom
14311,Marley,Pierce,,Europe,United Kingdom
14312,Giovanna,Riley,,Europe,United Kingdom
14315,Jude,Powers,,Europe,United Kingdom
14320,Daisy,Winters,,Europe,United Kingdom
14321,Felicity,Ryan,,Europe,United Kingdom
14323,Arthur,Banks,,Europe,United Kingdom
14326,Corey,Bailey,,Europe,United Kingdom
14329,Campbell,Sandoval,,Europe,United Kingdom
14334,Sarai,Moyer,,Europe,United Kingdom
14336,Toby,Long,,Europe,United Kingdom
14339,Slade,Lawson,,Europe,United Kingdom
14341,Emmy,Key,,Europe,United Kingdom
14344,Nikhil,Branch,,Europe,United Kingdom
14346,Kaleigh,Ray,,Europe,United Kingdom
14348,Tania,Frederick,,Europe,United Kingdom
14350,Jaylyn,Barry,,Europe,United Kingdom
14352,Brogan,Chapman,,Europe,United Kingdom
14367,Brody,Barker,,Europe,United Kingdom
14368,Maverick,Carpenter,,Europe,United Kingdom
14371,Lukas,Atkinson,,Europe,United Kingdom
14377,Jacqueline,Velez,,Europe,United Kingdom
14379,Conrad,Marquez,,Europe,United Kingdom
14386,Natalie,Zhang,,Europe,United Kingdom
14388,Donte,Dawson,,Europe,United Kingdom
14390,Thalia,Foster,,Europe,United Kingdom
14395,Annabelle,Blackwell,,Europe,United Kingdom
14401,Bridger,Escobar,,Europe,United Kingdom
14403,Preston,Bowers,,Europe,United Kingdom
14404,Briley,Hart,,Europe,United Kingdom
14407,Ashton,Ferrell,,Europe,United Kingdom
14408,Hope,Macdonald,,Europe,United Kingdom
14409,Carolina,Hancock,,Europe,United Kingdom
14410,Sidney,Hester,,Europe,United Kingdom
14411,Krystal,Santos,,Europe,United Kingdom
14415,Janae,Harmon,,Europe,United Kingdom
14419,Selina,Sheppard,,Europe,United Kingdom
14422,Emmanuel,Roberts,,Europe,United Kingdom
14426,Esther,Morrow,,Europe,United Kingdom
14428,Sterling,Phelps,,Europe,United Kingdom
14431,Braiden,Barron,,Europe,United Kingdom
14438,Taliyah,Guzman,,Europe,United Kingdom
14439,Jimena,Chandler,,Europe,Greece
14440,Jorge,Arias,,Europe,United Kingdom
14441,Gavin,Dillon,,Europe,United Kingdom
14442,Lorena,Obrien,,Europe,Channel Islands
14443,Sherlyn,Orozco,,Europe,United Kingdom
14446,India,Woodward,,Europe,United Kingdom
14447,Andy,Shaw,,Europe,United Kingdom
14449,Maci,Church,,Europe,United Kingdom
14450,Scarlet,Shannon,,Europe,United Kingdom
14457,Tommy,Elliott,,Europe,United Kingdom
14460,Mireya,Parrish,,Europe,United Kingdom
14461,Cynthia,Campos,,Europe,United Kingdom
14462,Rose,Robertson,,Europe,United Kingdom
14465,Jacob,Norman,,Europe,United Kingdom
14466,Nayeli,Page,,Europe,United Kingdom
14467,Annabella,Hines,,Europe,United Kingdom
14470,Keon,Bruce,,Europe,United Kingdom
14472,Lacey,Chambers,,Europe,United Kingdom
14473,Amaya,Dunn,,Europe,United Kingdom
14475,Ally,Harrison,,Europe,United Kingdom
14476,Tatiana,Brandt,,Europe,United Kingdom
14477,Maleah,Boone,,Europe,United Kingdom
14479,Elisa,Velez,,Europe,United Kingdom
14481,Angelica,Bond,,Europe,United Kingdom
14482,Fabian,Madden,,Europe,United Kingdom
14483,Keyon,Richards,,Europe,United Kingdom
14496,Damion,Carlson,,Europe,United Kingdom
14497,Amani,Kramer,,Europe,United Kingdom
14499,Haiden,Conway,,Europe,United Kingdom
14501,Jada,Daugherty,,Europe,United Kingdom
14502,Ashlee,Cardenas,,Europe,United Kingdom
14504,Yasmine,Hayes,,Europe,United Kingdom
14505,Conrad,Small,,Europe,United Kingdom
14506,Bobby,Rocha,,Europe,United Kingdom
14507,Selina,Warren,,Europe,United Kingdom
14512,Quentin,Mendez,,Europe,United Kingdom
14513,Mareli,Thornton,,Europe,United Kingdom
14514,Lorenzo,Robbins,,Europe,United Kingdom
14520,Isai,Perkins,,Europe,United Kingdom
14524,Jazlyn,Oconnell,,Europe,United Kingdom
14525,Emily,Arnold,,Europe,United Kingdom
14527,Zachary,Vazquez,,Europe,United Kingdom
14530,Danielle,Johns,,Europe,United Kingdom
14532,Lukas,Luna,,Europe,United Kingdom
14534,Savion,Estrada,,Europe,United Kingdom
14535,Sofia,Valentine,,Europe,United Kingdom
14536,Lacey,Mccarty,,Europe,United Kingdom
14538,Rayan,Lowery,,Europe,United Kingdom
14540,Elijah,Shepherd,,Europe,United Kingdom
14541,Harmony,Newton,,Europe,United Kingdom
14543,Charity,Calderon,,Europe,United Kingdom
14546,Talia,Fox,,Europe,United Kingdom
14548,Kaden,Lane,,Europe,United Kingdom
14549,Jorden,Wilkerson,,Europe,United Kingdom
14553,Steve,Horton,,Europe,United Kingdom
14555,Crystal,Waller,,Europe,United Kingdom
14560,Isis,Ware,,Europe,United Kingdom
14562,Hillary,Chandler,,Europe,United Kingdom
14570,Aliya,Fowler,,Europe,United Kingdom
14572,Linda,Baird,,Europe,United Kingdom
14573,Kamryn,Marshall,,Europe,United Kingdom
14577,Antonio,Maldonado,,Europe,United Kingdom
14586,Donte,King,,Europe,United Kingdom
14587,Tabitha,Schneider,,Europe,United Kingdom
14595,Gretchen,Bass,,Europe,United Kingdom
14600,Curtis,Lucero,,Europe,United Kingdom
14603,Kaydence,Harrell,,Europe,United Kingdom
14606,Damarion,Payne,,Europe,United Kingdom
14607,Javier,Carroll,,Europe,United Kingdom
14609,Sage,Bullock,,Europe,United Kingdom
14616,Jeremiah,Sanders,,Europe,United Kingdom
14618,Araceli,Obrien,,Europe,United Kingdom
14619,Tess,Stuart,,Europe,United Kingdom
14620,Mya,Macias,,Europe,United Kingdom
14623,Sawyer,Lawrence,,Europe,United Kingdom
14626,Ashly,Fitzpatrick,,Europe,United Kingdom
14628,Juliette,Rodriguez,,Europe,United Kingdom
14631,Hunter,Dodson,,Europe,United Kingdom
14632,Yael,Livingston,,Europe,United Kingdom
14633,Amiya,Pugh,,Europe,United Kingdom
14636,Hector,Mccoy,,Europe,United Kingdom
14639,Quintin,Fox,,Europe,United Kingdom
14640,Marlee,Preston,,Europe,United Kingdom
14644,Avery,Fuentes,,Europe,United Kingdom
14645,Reagan,Matthews,,Europe,United Kingdom
14646,Camron,Blankenship,,Europe,Netherlands
14653,Porter,Swanson,,Europe,United Kingdom
14656,Jaida,Mcclure,,Europe,United Kingdom
14657,Leyla,Phillips,,Europe,United Kingdom
14659,Justice,Dickson,,Europe,United Kingdom
14662,Braiden,Dunn,,Europe,United Kingdom
14665,Eric,Walter,,Europe,United Kingdom
14667,Skyler,Craig,,Europe,United Kingdom
14669,Lane,Dyer,,Europe,United Kingdom
14670,Essence,Shepard,,Europe,United Kingdom
14672,Mariana,Hartman,,Europe,United Kingdom
14676,Zaid,Baird,,Europe,United Kingdom
14680,Jade,Madden,,Europe,United Kingdom
14688,Adan,Simon,,Europe,United Kingdom
14692,Sasha,Oconnor,,Europe,United Kingdom
14693,Beatrice,Sanford,,Europe,United Kingdom
14696,Sophia,Rocha,,Europe,United Kingdom
14700,Roger,Andrews,,Europe,United Kingdom
14701,Keon,Dickson,,Europe,United Kingdom
14702,Kelvin,Fitzpatrick,,Europe,United Kingdom
14709,Kimberly,Mathis,,Europe,United Kingdom
14711,Gabriel,Pierce,,Europe,United Kingdom
14713,Jaylin,Morton,,Europe,United Kingdom
14715,Jared,Marks,,Europe,United Kingdom
14719,Matias,Park,,Europe,United Kingdom
14727,Dale,Shepard,,Europe,United Kingdom
14730,Jaden,Atkins,,Europe,United Kingdom
14732,Zion,Mullen,,Europe,United Kingdom
14733,Pablo,Snow,,Europe,United Kingdom
14735,Oswaldo,Trujillo,,Europe,United Kingdom
14738,Jayson,Deleon,,Europe,United Kingdom
14739,Amiya,Page,,Europe,United Kingdom
14740,Cindy,Medina,,Europe,United Kingdom
14744,Precious,Clayton,,Europe,United Kingdom
14745,Yusuf,Warren,,Europe,United Kingdom
14747,Autumn,Whitehead,,Europe,United Kingdom
14754,Elliott,Grant,,Europe,United Kingdom
14755,Talon,Hoover,,Europe,United Kingdom
14758,Finley,Dunn,,Europe,United Kingdom
14759,Cannon,Golden,,Europe,United Kingdom
14760,Bernard,Oconnor,,Europe,United Kingdom
14761,Mathias,Barrera,,Europe,United Kingdom
14762,Pamela,Mckinney,,Europe,United Kingdom
14766,Landen,Navarro,,Europe,United Kingdom
14769,Lilliana,Arellano,,Europe,United Kingdom
14770,Hadley,Bartlett,,Europe,United Kingdom
14776,Jaqueline,Malone,,Europe,United Kingdom
14778,Kaitlyn,Valentine,,Europe,United Kingdom
14779,Alyvia,Nash,,Europe,United Kingdom
14782,Micah,Hardy,,Europe,United Kingdom
14784,Ashanti,Johns,,Europe,United Kingdom
14790,Anahi,Mack,,Europe,United Kingdom
14794,Alexandria,Kramer,,Europe,United Kingdom
14796,Janiyah,Watts,,Europe,United Kingdom
14798,Krish,Soto,,Europe,United Kingdom
14800,Lailah,Chambers,,Europe,United Kingdom
14803,Diamond,Ramos,,Europe,United Kingdom
14805,Bryan,Morrison,,Europe,United Kingdom
14810,Miah,Daniel,,Europe,United Kingdom
14817,Camila,Lamb,,Europe,United Kingdom
14818,Rachel,Richmond,,Europe,United Kingdom
14825,Mike,Montes,,Europe,United Kingdom
14828,Dean,Holloway,,Europe,United Kingdom
14834,Alexia,Morse,,Europe,United Kingdom
14840,Aisha,Padilla,,Europe,United Kingdom
14841,Yosef,Valdez,,Europe,United Kingdom
14842,Gael,Evans,,Europe,United Kingdom
14844,Finn,Donovan,,Europe,United Kingdom
14849,Carsen,Mahoney,,Europe,United Kingdom
14850,Dennis,Barron,,Europe,United Kingdom
14851,Darien,Mendez,,Europe,United Kingdom
14852,Yair,Padilla,,Europe,United Kingdom
14854,Dulce,Ingram,,Europe,United Kingdom
14867,Jacoby,Burnett,,Europe,United Kingdom
14868,Patrick,Owen,,Europe,United Kingdom
14870,Lorelei,Russell,,Europe,United Kingdom
14871,Ava,Larsen,,Europe,United Kingdom
14875,Madyson,Burgess,,Europe,United Kingdom
14878,Frederick,Oneill,,Europe,United Kingdom
14880,Elliot,Conley,,Europe,United Kingdom
14886,Ronald,Hatfield,,Europe,United Kingdom
14889,Abel,Hartman,,Europe,United Kingdom
14890,Kyla,Benjamin,,Europe,United Kingdom
14895,Alondra,Tanner,,Europe,United Kingdom
14897,Malcolm,Buckley,,Europe,United Kingdom
14898,Adolfo,Young,,Europe,United Kingdom
14903,Alaina,May,,Europe,United Kingdom
14905,Noemi,Golden,,Europe,United Kingdom
14912,Damian,Carter,,Europe,Italy
14913,Antonio,Mcmillan,,Europe,United Kingdom
14915,America,Kaiser,,Europe,United Kingdom
14916,Jon,Stuart,,Europe,United Kingdom
14924,Jay,Leblanc,,Europe,United Kingdom
14930,Killian,Hurley,,Europe,Channel Islands
14931,Michelle,Barker,,Europe,Channel Islands
14934,Emilie,Novak,,Europe,Channel Islands
14935,Carlee,Gibson,,Europe,Channel Islands
14936,Arielle,Mccoy,,Europe,Channel Islands
14944,Zachery,Holder,,Europe,United Kingdom
14952,Hunter,Macias,,Europe,United Kingdom
14957,Armando,Schmidt,,Europe,United Kingdom
14958,Carleigh,Allen,,Europe,United Kingdom
14959,Aaron,Rodriguez,,Europe,United Kingdom
14961,Noe,Galloway,,Europe,United Kingdom
14962,Trystan,Mclean,,Europe,United Kingdom
14964,Fernanda,Mills,,Europe,United Kingdom
14970,Chris,Kramer,,Europe,United Kingdom
14973,Jocelyn,Norton,,Europe,United Kingdom
14976,Genesis,Webb,,Europe,United Kingdom
14978,Trace,Benson,,Europe,United Kingdom
14981,Carmelo,Kirk,,Europe,United Kingdom
14995,Pedro,Patel,,Europe,United Kingdom
14998,Conrad,Buchanan,,Europe,United Kingdom
15002,Alaina,Humphrey,,Europe,United Kingdom
15005,Triston,Leblanc,,Europe,United Kingdom
15018,Imani,Dickson,,Europe,United Kingdom
15019,Killian,Brown,,Europe,United Kingdom
15021,Destiny,Hansen,,Europe,United Kingdom
15023,Samuel,Bowers,,Europe,United Kingdom
15024,Gina,Acevedo,,Europe,United Kingdom
15026,Jayden,Alvarez,,Europe,United Kingdom
15027,Aniyah,Cowan,,Europe,United Kingdom
15030,Mara,Randolph,,Europe,United Kingdom
15031,Allen,Yoder,,Europe,United Kingdom
15032,Ruth,Castillo,,Europe,United Kingdom
15033,Maddox,Walton,,Europe,United Kingdom
15034,Lamont,Duran,,Europe,United Kingdom
15038,Kylan,Velazquez,,Europe,United Kingdom
15039,Ryder,Petersen,,Europe,United Kingdom
15044,Zachery,Middleton,,Europe,United Kingdom
15045,Whitney,Burch,,Europe,United Kingdom
15046,Zayden,Stone,,Europe,United Kingdom
15047,Russell,Glenn,,Europe,United Kingdom
15049,Courtney,Blanchard,,Europe,United Kingdom
15052,Johnny,Browning,,Europe,United Kingdom
15053,Silas,Santana,,Europe,United Kingdom
15057,Collin,Henson,,Europe,United Kingdom
15058,Taylor,Holder,,Europe,United Kingdom
15059,Katelyn,Brady,,Europe,United Kingdom
15061,Harley,Brock,,Europe,United Kingdom
15062,Danna,Robbins,,Europe,United Kingdom
15065,Fatima,Murillo,,Europe,United Kingdom
15067,Rodney,Rich,,Europe,United Kingdom
15068,Jonathan,Hopkins,,Europe,United Kingdom
15071,Malakai,Todd,,Europe,United Kingdom
15078,Levi,Barnett,,Europe,United Kingdom
15079,Greta,Carpenter,,Europe,United Kingdom
15083,Melina,Elliott,,Europe,United Kingdom
15087,Braedon,Gill,,Europe,United Kingdom
15090,Jett,Porter,,Europe,United Kingdom
15092,Kane,Carney,,Europe,United Kingdom
15093,Madilyn,Berg,,Europe,United Kingdom
15100,Stanley,Mack,,Europe,United Kingdom
15104,Clinton,Flores,,Europe,United Kingdom
15106,Shea,Tate,,Europe,United Kingdom
15107,Rhianna,Rowland,,Europe,United Kingdom
15109,Dexter,Madden,,Europe,United Kingdom
15110,Damaris,Galvan,,Europe,United Kingdom
15114,Eileen,Conley,,Europe,United Kingdom
15119,Judith,Humphrey,,Europe,United Kingdom
15121,Shayla,Neal,,Europe,United Kingdom
15122,Brianna,Hull,,Europe,United Kingdom
15125,Cherish,Hatfield,,Europe,United Kingdom
15129,Aubrie,Rogers,,Europe,United Kingdom
15132,Anastasia,Bullock,,Europe,United Kingdom
15133,Russell,Frank,,Europe,United Kingdom
15134,Marley,Mcpherson,,Europe,United Kingdom
15135,Maxwell,Trevino,,Europe,United Kingdom
15139,Janae,Mcpherson,,Europe,United Kingdom
15140,Marcus,Ruiz,,Europe,United Kingdom
15143,Rory,Perry,,Europe,United Kingdom
15144,Jaylen,Mcgee,,Europe,United Kingdom
15145,Ernest,Tate,,Europe,United Kingdom
15146,Efrain,Jenkins,,Europe,United Kingdom
15147,Kianna,Thompson,,Europe,United Kingdom
15150,Marlie,Pittman,,Europe,United Kingdom
15159,Jabari,Shea,,Europe,United Kingdom
15164,Sidney,Macdonald,,Europe,United Kingdom
15167,Karma,Farmer,,Europe,United Kingdom
15171,Reynaldo,Stein,,Europe,United Kingdom
15172,Mario,Rubio,,Europe,United Kingdom
15174,Andreas,Maynard,,Europe,United Kingdom
15178,Kamari,Craig,,Europe,United Kingdom
15179,Aileen,Cox,,Europe,United Kingdom
15181,Jerome,Hale,,Europe,United Kingdom
15182,Dakota,Delgado,,Europe,United Kingdom
15189,Salvador,Matthews,,Europe,United Kingdom
15194,Mariela,Giles,,Europe,United Kingdom
15197,Trevon,Bruce,,Europe,United Kingdom
15199,Trevon,Downs,,Europe,United Kingdom
15201,Emma,Potts,,Europe,United Kingdom
15203,Roland,Baker,,Europe,United Kingdom
15206,Kasen,Mckenzie,,Europe,United Kingdom
15210,Kristen,Wiggins,,Europe,United Kingdom
15212,Anaya,Huynh,,Europe,United Kingdom
15213,Ellie,House,,Europe,United Kingdom
15214,Lamont,Dickson,,Europe,United Kingdom
15218,Jase,Barr,,Europe,United Kingdom
15220,Elisha,Pollard,,Europe,United Kingdom
15222,Harley,Aguirre,,Europe,United Kingdom
15223,Jagger,Hill,,Europe,United Kingdom
15225,Colby,Holloway,,Europe,United Kingdom
15226,Diana,Jacobs,,Europe,United Kingdom
15227,Carmelo,Richmond,,Europe,United Kingdom
15228,Hannah,Morgan,,Europe,United Kingdom
15230,Juliana,Mccormick,,Europe,United Kingdom
15234,Iris,Brady,,Europe,United Kingdom
15235,Teagan,Sharp,,Europe,United Kingdom
15236,Cannon,Arias,,Europe,United Kingdom
15237,Allison,Branch,,Europe,United Kingdom
15240,Colby,Peterson,,Europe,United Kingdom
15241,Nigel,Ayers,,Europe,United Kingdom
15244,Lacey,Stewart,,Europe,United Kingdom
15245,Nathaniel,Haley,,Europe,United Kingdom
15246,Tate,Gross,,Europe,United Kingdom
15249,Haylee,Castaneda,,Europe,United Kingdom
15251,Janet,Schneider,,Europe,United Kingdom
15257,Hugo,Garner,,Europe,United Kingdom
15260,Zion,Raymond,,Europe,United Kingdom
15262,Princess,Pearson,,Europe,United Kingdom
15265,Susan,Aguirre,,Europe,United Kingdom
15266,Lyric,Burke,,Europe,United Kingdom
15270,Chaim,Meza,,Europe,United Kingdom
15271,Zoie,Wiley,,Europe,United Kingdom
15281,Dax,Bowman,,Europe,United Kingdom
15288,Emilio,Dickerson,,Europe,United Kingdom
15289,Matthias,Hahn,,Europe,United Kingdom
15290,Ahmad,Hill,,Europe,United Kingdom
15291,Madelyn,Browning,,Europe,United Kingdom
15296,Alexa,Barr,,Europe,United Kingdom
15298,Nevaeh,Leblanc,,Europe,United Kingdom
15299,Marlon,Walter,,Europe,United Kingdom
15301,Frida,Marquez,,Europe,United Kingdom
15303,Tori,Huffman,,Europe,United Kingdom
15304,Elisha,Khan,,Europe,United Kingdom
15308,Parker,Walsh,,Europe,United Kingdom
15311,Xiomara,Gonzalez,,Europe,United Kingdom
15316,Akira,Benjamin,,Europe,United Kingdom
15319,Christine,Downs,,Europe,United Kingdom
15321,Kaleb,Walters,,Europe,United Kingdom
15326,Lorena,Davila,,Europe,United Kingdom
15339,Jacquelyn,Aguilar,,Europe,United Kingdom
15346,Abagail,Cuevas,,Europe,United Kingdom
15353,Mareli,Padilla,,Europe,United Kingdom
15356,Jayden,Mason,,Europe,United Kingdom
15358,Macey,Hunter,,Europe,United Kingdom
15364,Delilah,Zavala,,Europe,United Kingdom
15365,Amy,Tanner,,Europe,United Kingdom
15367,Yosef,Holland,,Europe,United Kingdom
15370,Kamden,Phillips,,Europe,United Kingdom
15373,Jamari,Cook,,Europe,United Kingdom
15379,Catherine,Medina,,Europe,United Kingdom
15381,Pablo,Valentine,,Europe,United Kingdom
15382,Khalil,Ray,,Europe,United Kingdom
15388,Isis,Rojas,,North America,Canada
15393,Mia,Luna,,Europe,United Kingdom
15395,Ivy,Spears,,Europe,United Kingdom
15397,Marley,Cannon,,Europe,United Kingdom
15400,Colin,Henson,,Europe,United Kingdom
15406,Carolyn,Case,,Europe,United Kingdom
15407,Melvin,Herrera,,Europe,United Kingdom
15408,Tessa,Morgan,,Europe,United Kingdom
15410,Liam,Whitney,,Europe,United Kingdom
15414,Alexus,Mendez,,Europe,United Kingdom
15415,Luke,Gray,,Europe,United Kingdom
15416,Elaine,Knox,,Europe,United Kingdom
15421,Marcelo,Werner,,Europe,United Kingdom
15422,Charlie,Pearson,,Europe,United Kingdom
15424,Thalia,Crane,,Europe,United Kingdom
15426,Kassandra,Thompson,,Europe,United Kingdom
15433,Darnell,Espinoza,,Europe,United Kingdom
15436,Eliezer,Watson,,Europe,United Kingdom
15437,Robert,Nguyen,,Europe,United Kingdom
15442,Jadyn,Hale,,Europe,United Kingdom
15443,Mary,Bray,,Europe,United Kingdom
15445,Zoey,Mcgee,,Europe,United Kingdom
15447,Santos,Combs,,Europe,United Kingdom
15448,Kristopher,Pugh,,Europe,United Kingdom
15449,Maia,Flynn,,Europe,United Kingdom
15452,Jayden,Greer,,Europe,United Kingdom
15456,Angel,Patel,,Europe,United Kingdom
15457,Gabrielle,Lozano,,Europe,United Kingdom
15464,Robert,Flynn,,Europe,United Kingdom
15465,Ashlyn,Garner,,Europe,United Kingdom
15482,Makenna,Keith,,Europe,United Kingdom
15483,Amelia,Medina,,Europe,United Kingdom
15485,Mattie,Calhoun,,Europe,United Kingdom
15491,Alayna,Roberts,,Europe,United Kingdom
15493,Guillermo,Luna,,Europe,United Kingdom
15497,Nicolas,Stone,,Europe,United Kingdom
15498,Emelia,Klein,,Europe,United Kingdom
15502,Paisley,Price,,Europe,United Kingdom
15508,Talan,Price,,Europe,United Kingdom
15510,Stanley,Cooley,,Europe,United Kingdom
15513,Aarav,Craig,,Europe,United Kingdom
15514,Parker,Parsons,,Europe,United Kingdom
15517,Bruce,Conway,,Europe,United Kingdom
15518,Eve,Elliott,,Europe,United Kingdom
15521,Edwin,Ware,,Europe,United Kingdom
15527,Keyon,Strong,,Europe,United Kingdom
15528,Jaeden,Jefferson,,Europe,United Kingdom
15529,Carleigh,Stout,,Europe,United Kingdom
15530,Elise,Wilkerson,,Europe,United Kingdom
15535,Alan,Francis,,Europe,United Kingdom
15543,Carter,Yang,,Europe,United Kingdom
15544,Zavier,Ellison,,Europe,United Kingdom
15547,Emily,Wilkerson,,Europe,United Kingdom
15549,Gaige,Strickland,,Europe,United Kingdom
15550,Kali,Obrien,,Europe,United Kingdom
15554,Sage,Haney,,Europe,United Kingdom
15555,Estrella,Cardenas,,Europe,United Kingdom
15569,Isis,Villanueva,,Europe,United Kingdom
15570,Jayson,Jennings,,Europe,United Kingdom
15572,Richard,Elliott,,Europe,United Kingdom
15577,Konnor,Sanford,,Europe,United Kingdom
15579,Rigoberto,Moyer,,Europe,United Kingdom
15581,Anderson,Simpson,,Europe,United Kingdom
15589,Allisson,Rios,,Europe,United Kingdom
15594,Jadyn,Nielsen,,Europe,United Kingdom
15596,Chloe,Horne,,Europe,United Kingdom
15601,Ahmad,Kim,,Europe,United Kingdom
15602,Jayvon,Walton,,Europe,United Kingdom
15605,Larissa,Long,,Europe,United Kingdom
15606,Giovanni,Shea,,Europe,United Kingdom
15607,Ariella,Brady,,Europe,United Kingdom
15611,Ismael,Lozano,,Europe,United Kingdom
15615,Jessica,Olsen,,Europe,United Kingdom
15622,Annalise,Jenkins,,Europe,United Kingdom
15624,Evan,Gates,,Europe,United Kingdom
15625,Edgar,Bowman,,Europe,United Kingdom
15626,Eva,Terry,,Europe,United Kingdom
15628,Zachariah,Hart,,Europe,United Kingdom
15632,Abbie,Hamilton,,Europe,United Kingdom
15636,Teagan,Mosley,,Europe,United Kingdom
15640,Kingston,Villegas,,Europe,United Kingdom
15641,Wayne,Cochran,,Europe,United Kingdom
15643,Keyla,Leon,,Europe,United Kingdom
15644,Eden,Bates,,Europe,United Kingdom
15646,Giuliana,Beck,,Europe,United Kingdom
15648,Zoey,Shields,,Europe,United Kingdom
15649,Kaelyn,Sandoval,,Europe,United Kingdom
15651,Grayson,Kaufman,,Europe,United Kingdom
15655,Mariela,Wallace,,Europe,United Kingdom
15656,Xander,Carroll,,Europe,United Kingdom
15658,Ivan,Cannon,,Europe,United Kingdom
15660,Faith,Zavala,,Europe,United Kingdom
15661,Danika,Reyes,,Europe,United Kingdom
15665,Ramiro,Leonard,,Europe,United Kingdom
15669,Riley,Mccullough,,Europe,United Kingdom
15670,Maximo,Mcgee,,Europe,United Kingdom
15671,Gary,Moses,,Europe,United Kingdom
15673,Danika,Chan,,Europe,United Kingdom
15674,Cody,Cantrell,,Europe,United Kingdom
15675,Alice,Sexton,,Europe,United Kingdom
15676,Rodrigo,Graham,,Europe,United Kingdom
15681,Aidan,Rasmussen,,Europe,United Kingdom
15687,Arnav,Rodriguez,,Europe,United Kingdom
15691,Amari,Jensen,,Europe,United Kingdom
15694,Isaac,Butler,,Europe,United Kingdom
15695,Zackery,Powell,,Europe,United Kingdom
15696,Clara,Blair,,Europe,United Kingdom
15703,Allison,Le,,Europe,United Kingdom
15708,Riley,Horne,,Europe,United Kingdom
15709,Antoine,Zamora,,Europe,United Kingdom
15712,Miles,Spencer,,Europe,United Kingdom
15716,Carmen,Wilson,,Europe,United Kingdom
15717,Moises,Henry,,Europe,United Kingdom
15719,Rhys,Singh,,Europe,United Kingdom
15722,Bailey,Silva,,Europe,United Kingdom
15724,Aaden,Carrillo,,Europe,United Kingdom
15727,Whitney,Rangel,,Europe,United Kingdom
15733,Chana,Warren,,Europe,United Kingdom
15737,Clinton,Moran,,Europe,United Kingdom
15738,Sheldon,Roberson,,Europe,United Kingdom
15745,Aditya,Shannon,,Europe,United Kingdom
15749,Rudy,Kaiser,,Europe,United Kingdom
15750,Heath,Bradley,,Europe,United Kingdom
15752,Axel,Conway,,Europe,United Kingdom
15753,Adrianna,Robles,,Europe,United Kingdom
15754,Tommy,Taylor,,Europe,United Kingdom
15755,Jadyn,Wiley,,Europe,United Kingdom
15756,Rosemary,Hogan,,Europe,United Kingdom
15759,Jan,Manning,,Europe,United Kingdom
15764,Natalie,Roach,,Europe,United Kingdom
15768,Nicholas,Henderson,,Europe,United Kingdom
15769,Addyson,Gonzalez,,Europe,United Kingdom
15775,Chase,Carey,,Europe,United Kingdom
15777,Janae,Bryant,,Europe,United Kingdom
15780,Kira,Harrington,,Europe,United Kingdom
15781,Kaitlynn,Keller,,Europe,United Kingdom
15785,Keenan,Coffey,,Europe,United Kingdom
15793,Tabitha,Terry,,Europe,United Kingdom
15796,Tobias,Schmitt,,Europe,United Kingdom
15797,Mila,Tanner,,Europe,United Kingdom
15799,Brody,Villanueva,,Europe,United Kingdom
15800,Shaylee,Hurley,,Europe,United Kingdom
15805,Alonzo,Dorsey,,Europe,United Kingdom
15806,Natasha,Ortega,,Europe,United Kingdom
15808,Jerome,Sheppard,,Europe,United Kingdom
15809,Kristina,Stark,,Europe,United Kingdom
15810,Caylee,Matthews,,Europe,United Kingdom
15811,Melanie,Gilbert,,Europe,United Kingdom
15812,Lesly,Crosby,,Europe,United Kingdom
15813,Wilson,Tran,,Europe,United Kingdom
15815,Macy,Osborne,,Europe,United Kingdom
15819,Viviana,Lindsey,,Europe,United Kingdom
15820,Jeremy,Christensen,,Europe,United Kingdom
15827,Juliana,Turner,,Europe,United Kingdom
15831,Derick,Krueger,,Europe,United Kingdom
15832,Hunter,Hall,,Europe,United Kingdom
15834,Hayden,Zamora,,Europe,United Kingdom
15835,Quinton,Butler,,Europe,United Kingdom
15838,Aidan,Delgado,,Europe,United Kingdom
15841,Natalee,Perry,,Europe,United Kingdom
15843,Noe,Galvan,,Europe,United Kingdom
15845,Quinn,Combs,,Europe,United Kingdom
15847,Clark,Dean,,Europe,United Kingdom
15854,Ayla,Stephens,,Europe,United Kingdom
15855,Case,Villegas,,Europe,United Kingdom
15856,Keith,Turner,,Europe,United Kingdom
15858,Henry,Galloway,,Europe,United Kingdom
15860,Perla,Farrell,,Europe,United Kingdom
15861,Jakayla,Mccarthy,,Europe,United Kingdom
15864,Aileen,Wright,,Europe,United Kingdom
15867,Matteo,Logan,,Europe,United Kingdom
15869,Damarion,Villegas,,Europe,United Kingdom
15874,Johnny,Escobar,,Europe,United Kingdom
15881,Gauge,Esparza,,Europe,United Kingdom
15891,Shyann,Contreras,,Europe,United Kingdom
15894,Leyla,Copeland,,Europe,United Kingdom
15898,German,Anderson,,Europe,United Kingdom
15903,Amy,Ingram,,Europe,United Kingdom
15906,Carlos,Burnett,,Europe,United Kingdom
15910,Tamara,Andrews,,Europe,United Kingdom
15912,Callie,Durham,,Europe,United Kingdom
15916,Allisson,Key,,Europe,United Kingdom
15917,Emerson,Lloyd,,Europe,United Kingdom
15918,Julissa,Aguilar,,Europe,United Kingdom
15932,Yamilet,Novak,,Europe,United Kingdom
15935,Mekhi,Shields,,Europe,United Kingdom
15938,Matthew,Cohen,,Europe,United Kingdom
15939,Bobby,Rodriguez,,Europe,United Kingdom
15940,Danika,Vasquez,,Europe,United Kingdom
15944,Van,Middleton,,Europe,United Kingdom
15951,Gabrielle,Fitzpatrick,,Europe,United Kingdom
15952,Cassandra,Reeves,,Europe,United Kingdom
15953,Braedon,Ward,,Europe,United Kingdom
15955,Haven,Barker,,Europe,United Kingdom
15967,Braeden,Gaines,,Europe,United Kingdom
15970,Matthew,Curtis,,Europe,United Kingdom
15971,Johnny,Collier,,Europe,United Kingdom
15974,Danna,Bright,,Europe,United Kingdom
15980,Fernando,Kelley,,Europe,United Kingdom
15981,Sophie,Huffman,,Europe,United Kingdom
15984,Kelton,Wells,,Europe,United Kingdom
15985,Calvin,Delacruz,,Europe,United Kingdom
15990,Shyann,Compton,,Europe,United Kingdom
15996,Darren,Moses,,Europe,United Kingdom
15998,Rihanna,Rivers,,Europe,United Kingdom
16005,Chasity,Brennan,,Europe,United Kingdom
16010,Maximo,Potts,,Europe,United Kingdom
16011,Alexus,Browning,,Europe,United Kingdom
16013,Avery,Marsh,,Europe,United Kingdom
16014,Brylee,Hawkins,,Europe,United Kingdom
16016,Kenny,Singleton,,Europe,United Kingdom
16019,Zachariah,Mcmillan,,Europe,United Kingdom
16022,Brice,Caldwell,,Europe,United Kingdom
16023,Cheyenne,Gonzales,,Europe,United Kingdom
16027,Laney,Valencia,,Europe,United Kingdom
16029,Slade,Daniel,,Europe,United Kingdom
16030,Luke,Wallace,,Europe,United Kingdom
16031,Mohamed,Velazquez,,Europe,United Kingdom
16033,Kaia,Jennings,,Europe,United Kingdom
16034,Kaden,Campbell,,Europe,United Kingdom
16036,Kelsey,Travis,,Europe,United Kingdom
16037,Viviana,Soto,,Europe,United Kingdom
16040,Tatum,Lloyd,,Europe,United Kingdom
16042,Carina,Dunlap,,Europe,United Kingdom
16043,Kaylen,Ellis,,Europe,United Kingdom
16045,Brennan,Fry,,Europe,United Kingdom
16057,Jaslyn,Huff,,Europe,United Kingdom
16059,Lesly,Moody,,Europe,United Kingdom
16062,Esperanza,Hendricks,,Europe,United Kingdom
16063,Delilah,Paul,,Europe,United Kingdom
16072,Emilia,Conway,,Europe,United Kingdom
16073,Sam,Gregory,,Europe,United Kingdom
16078,Rosemary,Reid,,Europe,United Kingdom
16080,Kiera,Frey,,Europe,United Kingdom
16081,Koen,Bray,,Europe,United Kingdom
16084,Taniyah,Irwin,,Europe,United Kingdom
16085,Elisabeth,Maxwell,,Europe,United Kingdom
16086,Cole,Lindsey,,Europe,United Kingdom
16092,Heath,Levy,,Europe,United Kingdom
16096,River,Stevenson,,Europe,United Kingdom
16097,Kierra,Gomez,,Europe,United Kingdom
16098,Emilee,Scott,,Europe,United Kingdom
16099,Brodie,Todd,,Europe,United Kingdom
16103,Roman,Stanton,,Europe,United Kingdom
16105,Ryland,Lambert,,Europe,United Kingdom
16109,Tyrone,Lowe,,Europe,United Kingdom
16110,Zaire,Trujillo,,Europe,United Kingdom
16112,Waylon,Roberts,,Europe,United Kingdom
16115,Marianna,Nash,,Europe,United Kingdom
16122,Kamden,Castro,,Europe,United Kingdom
16124,Myla,Brennan,,Europe,United Kingdom
16126,Sierra,Huffman,,Europe,United Kingdom
16128,Bruno,Carrillo,,Europe,United Kingdom
16131,Paola,Cantrell,,Europe,United Kingdom
16133,Liberty,Mclean,,Europe,United Kingdom
16135,Cassidy,Moreno,,Europe,United Kingdom
16136,Shyanne,Bauer,,Europe,United Kingdom
16142,Edith,Hall,,Europe,United Kingdom
16143,Monique,Morse,,Europe,United Kingdom
16144,Lee,Austin,,Europe,United Kingdom
16145,Leroy,Holden,,Europe,United Kingdom
16146,Dexter,Ross,,Europe,United Kingdom
16148,Sarai,Martinez,,Europe,United Kingdom
16150,Carolina,Harding,,Europe,United Kingdom
16152,Susan,Avery,,Europe,United Kingdom
16156,Kinsley,Lester,,Europe,United Kingdom
16159,Tristian,Mercado,,Europe,United Kingdom
16161,Devon,Mccarty,,Europe,United Kingdom
16162,Nadia,Hubbard,,Europe,United Kingdom
16163,Rolando,Manning,,Europe,United Kingdom
16168,Maddison,Henderson,,Europe,United Kingdom
16170,Reuben,Wade,,Europe,United Kingdom
16172,Elsie,Cortez,,Europe,United Kingdom
16175,Kayleigh,Callahan,,Europe,United Kingdom
16180,Sienna,Hines,,Europe,United Kingdom
16182,Colin,English,,Europe,United Kingdom
16185,Krista,Thornton,,Europe,United Kingdom
16186,Thomas,Davies,,Europe,United Kingdom
16187,Maia,Clements,,Europe,United Kingdom
16188,Matteo,Cruz,,Europe,United Kingdom
16191,Miley,Andersen,,Europe,United Kingdom
16193,Leland,Calderon,,Europe,United Kingdom
16203,Francis,Allison,,Europe,United Kingdom
16206,Elian,Tucker,,Europe,United Kingdom
16208,Summer,Wolfe,,Europe,United Kingdom
16209,Valery,Calderon,,Europe,United Kingdom
16210,Ethen,Harvey,,Europe,United Kingdom
16212,Kaelyn,Gallagher,,Europe,United Kingdom
16214,Simon,Navarro,,Europe,United Kingdom
16216,Aria,Daniel,,Europe,United Kingdom
16217,Kylan,Rangel,,Europe,United Kingdom
16218,Taniyah,Cordova,,Europe,United Kingdom
16221,Gisselle,Dyer,,Europe,United Kingdom
16222,Cael,Farrell,,Europe,United Kingdom
16224,Jayden,Floyd,,Europe,United Kingdom
16225,Isabelle,Richmond,,Europe,United Kingdom
16226,Jasper,Garrison,,Europe,United Kingdom
16227,Macey,Roach,,Europe,United Kingdom
16233,Amy,Gibbs,,Europe,United Kingdom
16235,Neil,Frank,,Europe,United Kingdom
16241,Jordin,Sexton,,Europe,United Kingdom
16242,Kailee,Carson,,Europe,United Kingdom
16245,German,Joyce,,Europe,United Kingdom
16249,Trevor,Barnett,,Europe,United Kingdom
16250,Zachery,Weiss,,Europe,United Kingdom
16253,Faith,Murphy,,Europe,United Kingdom
16255,Kristopher,Dillon,,Europe,United Kingdom
16256,Andreas,Sanford,,Europe,United Kingdom
16261,Allen,Huang,,Europe,United Kingdom
16265,Andrew,Kaufman,,Europe,United Kingdom
16282,Silas,Banks,,Europe,United Kingdom
16293,Case,Berg,,Europe,United Kingdom
16297,Mauricio,Beard,,Europe,United Kingdom
16303,Rene,Prince,,Europe,United Kingdom
16306,Stephen,Kerr,,Europe,United Kingdom
16308,Marquise,Jarvis,,Europe,United Kingdom
16309,Sasha,Chavez,,Europe,United Kingdom
16315,Alaina,Berry,,Europe,United Kingdom
16316,Karma,Steele,,Europe,United Kingdom
16317,Mikaela,Lynn,,Europe,United Kingdom
16321,Alec,Norman,,Asia-Pacific,Australia
16325,Jovanny,Gregory,,Europe,United Kingdom
16326,Nash,Moreno,,Europe,United Kingdom
16327,Alivia,Andersen,,Europe,United Kingdom
16332,Makai,Manning,,Europe,United Kingdom
16333,Lyla,Mcdonald,,Europe,United Kingdom
16339,Matilda,Graves,,Europe,United Kingdom
16348,Allen,Thomas,,Europe,United Kingdom
16349,Alexis,Arias,,Europe,United Kingdom
16350,Emilia,Bauer,,Europe,United Kingdom
16351,Campbell,Castaneda,,Europe,United Kingdom
16353,Lauryn,Shepard,,Europe,United Kingdom
16356,Russell,Chen,,Europe,United Kingdom
16359,Selena,House,,Europe,United Kingdom
16365,Zachery,Lawson,,Europe,United Kingdom
16370,Maurice,Griffin,,Europe,United Kingdom
16374,Kyan,Dixon,,Europe,United Kingdom
16377,Amelie,Stevens,,Europe,United Kingdom
16378,Maci,Daniels,,Europe,United Kingdom
16383,Keagan,Crane,,Europe,United Kingdom
16384,Rogelio,Spencer,,Europe,United Kingdom
16386,Claire,Velez,,Europe,United Kingdom
16387,Zaiden,Pacheco,,Europe,United Kingdom
16389,Leticia,Fuentes,,Europe,United Kingdom
16392,Kaylee,Crane,,Europe,United Kingdom
16393,Reece,Merritt,,Europe,United Kingdom
16394,Kyle,Bass,,Europe,United Kingdom
16395,Kyson,Foster,,Europe,United Kingdom
16398,Timothy,Arroyo,,Europe,United Kingdom
16399,Zachariah,Ferguson,,Europe,United Kingdom
16401,Reese,Keith,,Europe,United Kingdom
16402,Brennan,Rasmussen,,Europe,United Kingdom
16403,Alyson,Harrell,,Europe,United Kingdom
16405,Jaylen,Schultz,,Europe,United Kingdom
16407,Camden,Barrera,,Europe,United Kingdom
16409,Gisselle,Snow,,Europe,United Kingdom
16414,Carlos,Brown,,Europe,United Kingdom
16418,Isaias,Camacho,,Europe,United Kingdom
16419,Braden,Kelley,,Europe,United Kingdom
16422,Giancarlo,Stone,,Europe,United Kingdom
16425,Damion,Reese,,Europe,United Kingdom
16426,Semaj,Middleton,,Europe,United Kingdom
16427,Amanda,West,,Europe,United Kingdom
16431,Kinley,Haley,,Europe,United Kingdom
16434,Izayah,Olsen,,Europe,United Kingdom
16441,Davis,Mcdaniel,,Europe,United Kingdom
16442,Donna,Bush,,Europe,United Kingdom
16444,Harry,Patterson,,Europe,United Kingdom
16449,Kaitlyn,Curry,,Europe,United Kingdom
16455,Emmalee,Nunez,,Europe,United Kingdom
16456,Ronan,Crawford,,Europe,United Kingdom
16458,Adalynn,Gonzales,,Europe,United Kingdom
16462,Lyric,Ponce,,Europe,United Kingdom
16466,Clay,Burton,,Europe,United Kingdom
16469,Mauricio,Ingram,,Europe,United Kingdom
16471,Yareli,Roberson,,Europe,United Kingdom
16473,Amina,Grimes,,Europe,United Kingdom
16475,Jagger,Christensen,,Europe,United Kingdom
16477,Ashlynn,Kim,,Europe,United Kingdom
16493,Ezequiel,Bowen,,Europe,United Kingdom
16494,Brice,Leblanc,,Europe,United Kingdom
16495,Atticus,Bell,,Europe,United Kingdom
16496,Sidney,Cline,,Europe,United Kingdom
16497,Valerie,Harrison,,Europe,United Kingdom
16500,Kenyon,Roberson,,Europe,United Kingdom
16503,Deborah,Clements,,Europe,United Kingdom
16509,Shamar,Richardson,,Europe,United Kingdom
16511,Kailee,Hess,,Europe,United Kingdom
16515,Darwin,Crosby,,Europe,United Kingdom
16517,Saniyah,Fowler,,Europe,United Kingdom
16518,Melvin,Dougherty,,Europe,United Kingdom
16520,Jaxon,Gregory,,Europe,United Kingdom
16523,Daniella,Arnold,,Europe,United Kingdom
16525,Emmalee,Manning,,Europe,United Kingdom
16531,Caiden,Harrison,,Europe,United Kingdom
16532,Trey,Fuller,,Europe,United Kingdom
16546,Killian,Craig,,Europe,United Kingdom
16549,Alejandra,Arnold,,Europe,United Kingdom
16550,Peyton,Cortez,,Europe,United Kingdom
16551,America,Mccann,,Europe,United Kingdom
16552,Asher,Boone,,Europe,United Kingdom
16553,Ezekiel,Murillo,,Europe,United Kingdom
16554,Konner,Lara,,Europe,United Kingdom
16556,Rowan,Vega,,Europe,United Kingdom
16558,Gina,Luna,,Europe,United Kingdom
16566,Alonso,Bailey,,Europe,United Kingdom
16567,Abdullah,Guerrero,,Europe,United Kingdom
16570,Kai,Bernard,,Europe,United Kingdom
16571,Ashtyn,Velez,,Europe,United Kingdom
16572,Jordin,Boyd,,Europe,United Kingdom
16573,Muhammad,Parker,,Europe,United Kingdom
16584,Edith,Stephenson,,Europe,United Kingdom
16586,Daniella,Barnes,,Europe,United Kingdom
16587,Emmy,Vaughn,,Europe,United Kingdom
16592,Michelle,Shah,,Europe,United Kingdom
16593,Amiah,Black,,Europe,United Kingdom
16598,Jaylene,Costa,,Europe,United Kingdom
16600,Sammy,Goodman,,Europe,United Kingdom
16607,Tristin,Underwood,,Europe,United Kingdom
16609,Azul,Terrell,,Europe,United Kingdom
16612,Demarcus,Roach,,Europe,United Kingdom
16617,Talan,Shea,,Europe,United Kingdom
16618,Cristopher,Waters,,Europe,United Kingdom
16619,Kamari,Hart,,Europe,United Kingdom
16620,Zariah,Watson,,Europe,United Kingdom
16621,Ava,Berg,,Europe,United Kingdom
16623,Davis,Ramsey,,Europe,United Kingdom
16625,Vivian,Shea,,Europe,United Kingdom
16626,Areli,Pratt,,Europe,United Kingdom
16628,Valentin,Mcknight,,Europe,United Kingdom
16633,Theresa,Mathis,,Europe,United Kingdom
16637,Cheyenne,Olsen,,Europe,United Kingdom
16638,Rebekah,Ballard,,Europe,United Kingdom
16639,Jordin,Dean,,Europe,United Kingdom
16643,Harper,Espinoza,,Europe,United Kingdom
16652,Weston,Mullins,,Europe,United Kingdom
16654,Alisa,Winters,,Europe,United Kingdom
16655,Evangeline,Hopkins,,Europe,United Kingdom
16656,Colten,Mcneil,,Europe,United Kingdom
16657,Krystal,Beck,,Europe,United Kingdom
16660,Bradley,Lynn,,Europe,United Kingdom
16667,Elise,Osborn,,Europe,United Kingdom
16668,Pierce,Miller,,Europe,United Kingdom
16670,Areli,Johns,,Europe,United Kingdom
16672,Jovanni,Dennis,,Europe,United Kingdom
16676,Selena,Villarreal,,Europe,United Kingdom
16678,Warren,Acevedo,,Europe,United Kingdom
16681,Baron,Mora,,Europe,United Kingdom
16684,Darnell,Rowe,,Europe,United Kingdom
16686,Vaughn,Torres,,Europe,United Kingdom
16692,Xavier,Long,,Europe,United Kingdom
16693,Zachariah,Chandler,,Europe,United Kingdom
16696,Adolfo,Greene,,Europe,United Kingdom
16697,Jacoby,Howell,,Europe,United Kingdom
16698,Jordin,Hendrix,,Europe,United Kingdom
16700,Orlando,Ponce,,Europe,United Kingdom
16701,Daphne,Baldwin,,Europe,United Kingdom
16705,Abagail,Elliott,,Europe,United Kingdom
16709,Rodrigo,Morrow,,Europe,United Kingdom
16710,Muhammad,Gordon,,Europe,United Kingdom
16711,Lilianna,Hahn,,Europe,United Kingdom
16712,Casey,Hardin,,Europe,United Kingdom
16713,Vaughn,Cooley,,Europe,United Kingdom
16714,Joe,Mitchell,,Europe,United Kingdom
16716,Kane,Swanson,,Europe,United Kingdom
16719,Ximena,Giles,,Europe,United Kingdom
16721,Aiden,Dominguez,,Europe,United Kingdom
16722,Marquise,Kent,,Europe,United Kingdom
16725,Alissa,Cooley,,Europe,United Kingdom
16726,Kasey,Graham,,Europe,United Kingdom
16728,Norah,Strong,,Europe,United Kingdom
16729,Clark,Booker,,Europe,United Kingdom
16730,Aniya,Bolton,,Europe,United Kingdom
16735,Issac,Mitchell,,Europe,United Kingdom
16738,Bernard,Sherman,,Europe,United Kingdom
16743,Tyrone,Butler,,Europe,United Kingdom
16745,Perla,Blair,,Europe,United Kingdom
16746,Ashley,Ortega,,Europe,United Kingdom
16748,Elliot,Casey,,Europe,United Kingdom
16750,London,Benton,,Europe,United Kingdom
16755,Bria,Ellison,,Europe,United Kingdom
16757,Kasen,Leonard,,Europe,United Kingdom
16765,Leonidas,Cummings,,Europe,United Kingdom
16766,Lilly,Solomon,,Europe,United Kingdom
16767,Aniya,Gregory,,Europe,United Kingdom
16768,Tyrell,Maxwell,,Europe,United Kingdom
16769,Aden,Lindsey,,Europe,United Kingdom
16770,Garrett,Lewis,,Europe,United Kingdom
16771,Darwin,Anderson,,Europe,United Kingdom
16775,Kiera,Booker,,Europe,United Kingdom
16777,Jamarion,Herman,,Europe,United Kingdom
16778,Kelton,Friedman,,Europe,United Kingdom
16779,Ximena,Carroll,,Europe,United Kingdom
16780,Cierra,Salas,,Europe,United Kingdom
16782,Kamora,Jenkins,,Europe,United Kingdom
16788,Nathaniel,Freeman,,Europe,United Kingdom
16791,Jackson,Gentry,,Europe,United Kingdom
16792,Mariana,Rasmussen,,Europe,United Kingdom
16801,Kristina,Rasmussen,,Europe,United Kingdom
16804,Teagan,Rivas,,Europe,United Kingdom
16806,Yair,Bridges,,Europe,United Kingdom
16807,Mollie,Burgess,,Europe,United Kingdom
16808,Landin,Potts,,Europe,United Kingdom
16809,Sage,Rojas,,Europe,United Kingdom
16814,Howard,Hardin,,Europe,United Kingdom
16816,Mauricio,Mccoy,,Europe,United Kingdom
16817,Elena,Gross,,Europe,United Kingdom
16823,Valentin,Graham,,Europe,United Kingdom
16833,Eugene,Wall,,Europe,United Kingdom
16834,Heather,Duke,,Europe,United Kingdom
16837,Dulce,Strickland,,Europe,United Kingdom
16838,Zoie,Oconnell,,Europe,United Kingdom
16839,Gillian,Mora,,Europe,United Kingdom
16841,Marco,Hughes,,Europe,United Kingdom
16842,Krystal,Kim,,Europe,United Kingdom
16843,Blaine,Lozano,,Europe,United Kingdom
16850,Angel,Norris,,Europe,United Kingdom
16859,Valery,Berger,,Europe,United Kingdom
16871,Asher,Clements,,Europe,United Kingdom
16873,Jaylee,Noble,,Europe,United Kingdom
16875,Brayan,Farmer,,Europe,United Kingdom
16882,Wyatt,Archer,,Europe,United Kingdom
16889,Darien,Livingston,,Europe,United Kingdom
16897,Nasir,Rowe,,Europe,United Kingdom
16904,Brodie,Russell,,Europe,United Kingdom
16905,Dillan,Sullivan,,Europe,United Kingdom
16906,Jaiden,David,,Europe,United Kingdom
16907,Jude,Boyd,,Europe,United Kingdom
16912,Milo,Mitchell,,Europe,United Kingdom
16913,Luciano,Stanton,,Europe,United Kingdom
16915,Turner,Koch,,Europe,United Kingdom
16917,Maximus,Moses,,Europe,United Kingdom
16918,Lizeth,Washington,,Europe,United Kingdom
16919,Miracle,Humphrey,,Europe,United Kingdom
16923,Lorena,Arnold,,Europe,United Kingdom
16927,Magdalena,Little,,Europe,United Kingdom
16928,Destiney,Travis,,Europe,United Kingdom
16931,Nicholas,Blake,,Europe,United Kingdom
16933,Cora,Richards,,Europe,United Kingdom
16938,Immanuel,Knapp,,Europe,United Kingdom
16940,Yareli,Bowen,,Europe,United Kingdom
16942,Roy,Jenkins,,Europe,United Kingdom
16943,Carolina,Solis,,Europe,United Kingdom
16945,Tyree,White,,Europe,United Kingdom
16947,Faith,Dougherty,,Europe,United Kingdom
16948,Aleena,Hogan,,Europe,United Kingdom
16949,Leandro,Walker,,Europe,United Kingdom
16951,Kinley,May,,Europe,United Kingdom
16954,Jaslyn,Sanchez,,Europe,United Kingdom
16955,Sheldon,Li,,Europe,United Kingdom
16957,Emmy,Jacobs,,Europe,United Kingdom
16960,Serenity,Rodgers,,Europe,United Kingdom
16965,Zander,Hatfield,,Europe,United Kingdom
16966,Sophie,Reed,,Europe,United Kingdom
16976,Carley,Hart,,Europe,United Kingdom
16979,Amelie,Harper,,Europe,United Kingdom
16980,Toby,Gonzales,,Europe,United Kingdom
16983,Liana,Newman,,Europe,United Kingdom
16985,Aldo,Zavala,,Europe,United Kingdom
16992,Markus,Fischer,,Europe,United Kingdom
16996,Lilianna,Tucker,,Europe,United Kingdom
16997,Kenyon,Cooper,,Europe,United Kingdom
16998,Karlee,Raymond,,Europe,United Kingdom
17001,Terrence,Villa,,Europe,United Kingdom
17002,Gabrielle,Pennington,,Europe,United Kingdom
17017,Zoie,Haney,,Europe,United Kingdom
17018,Ruben,Glenn,,Europe,United Kingdom
17019,Trevor,Miranda,,Europe,United Kingdom
17027,Kiley,Atkinson,,Europe,United Kingdom
17029,Fabian,Jennings,,Europe,United Kingdom
17034,Milo,Mclaughlin,,Europe,United Kingdom
17035,Travis,Miranda,,Europe,United Kingdom
17042,Antoine,Mack,,Europe,United Kingdom
17043,Harmony,Heath,,Europe,United Kingdom
17045,Judah,Hunter,,Europe,United Kingdom
17048,Miriam,Cobb,,Europe,United Kingdom
17049,Cory,Rodgers,,Europe,United Kingdom
17050,Hayley,Hebert,,Europe,United Kingdom
17054,Jack,Cannon,,Europe,United Kingdom
17058,Ryleigh,Vaughn,,Europe,United Kingdom
17059,Jacob,Hunter,,Europe,United Kingdom
17060,Dayami,Meyers,,Europe,United Kingdom
17061,Nasir,Orr,,Europe,United Kingdom
17062,Adriel,Brewer,,Europe,United Kingdom
17063,Finley,Elliott,,Europe,United Kingdom
17064,Caroline,Lang,,Europe,United Kingdom
17068,Devin,Jacobs,,Europe,United Kingdom
17069,Braelyn,Colon,,Europe,United Kingdom
17071,Ruby,Roth,,Europe,United Kingdom
17075,Aaden,Mckay,,Europe,United Kingdom
17076,Noemi,Delacruz,,Europe,United Kingdom
17080,Guadalupe,Wise,,Europe,United Kingdom
17082,Carleigh,Wood,,Europe,United Kingdom
17083,Savion,Davila,,Europe,United Kingdom
17085,Mattie,Shah,,Europe,United Kingdom
17088,Mark,Dunn,,Europe,United Kingdom
17090,Liana,Lindsey,,Europe,United Kingdom
17091,Phoenix,Manning,,Europe,United Kingdom
17092,Armani,Osborn,,Europe,United Kingdom
17094,Jordan,Huang,,Europe,United Kingdom
17095,Jadyn,Riggs,,Europe,United Kingdom
17096,Jamie,Bolton,,Europe,United Kingdom
17097,Carl,Mueller,,Europe,Spain
17102,Gretchen,Perkins,,Europe,United Kingdom
17105,Maribel,Ali,,Europe,United Kingdom
17107,Jayson,Hill,,Europe,United Kingdom
17109,Bo,Garza,,Europe,United Kingdom
17114,Payton,Foster,,Europe,United Kingdom
17115,Lilianna,Frank,,Europe,United Kingdom
17117,Lola,Moses,,Europe,United Kingdom
17118,Kendall,Weber,,Europe,United Kingdom
17120,Riley,Combs,,Europe,United Kingdom
17126,Alma,Glover,,Europe,United Kingdom
17128,Milo,Holden,,Europe,United Kingdom
17133,Jabari,Humphrey,,Europe,United Kingdom
17134,Madalyn,Patel,,Europe,United Kingdom
17135,Kelly,Rowe,,Europe,United Kingdom
17138,Waylon,Hughes,,Europe,United Kingdom
17139,Zariah,Hatfield,,Europe,United Kingdom
17140,Alia,Bright,,Europe,United Kingdom
17142,Matthew,Buck,,Europe,United Kingdom
17146,Nolan,Mcgee,,Europe,United Kingdom
17147,Daisy,Moon,,Europe,United Kingdom
17152,Juliet,Sandoval,,Europe,United Kingdom
17158,Jovanny,Best,,Europe,United Kingdom
17160,Kenyon,Walsh,,Europe,United Kingdom
17162,Kimora,Nelson,,Europe,United Kingdom
17164,Lindsay,Perry,,Europe,United Kingdom
17165,Sincere,Goodwin,,Europe,United Kingdom
17171,Jimena,Duarte,,Europe,United Kingdom
17175,Trevin,Archer,,Europe,United Kingdom
17179,Karter,Salinas,,Europe,United Kingdom
17180,Travis,Norris,,Europe,United Kingdom
17187,Kierra,Blackwell,,Europe,United Kingdom
17188,Damaris,Allison,,Europe,United Kingdom
17191,Bruce,Fox,,Europe,United Kingdom
17204,Malia,Clark,,Europe,United Kingdom
17211,Drew,Dunlap,,Europe,United Kingdom
17212,Roselyn,Orr,,Europe,United Kingdom
17213,Santos,Tran,,Europe,United Kingdom
17214,Jose,Mcdonald,,Europe,United Kingdom
17217,Rolando,Carter,,Europe,United Kingdom
17218,Jaylen,Hammond,,Europe,United Kingdom
17220,Jayson,Hartman,,Europe,United Kingdom
17223,Kobe,Jackson,,Europe,United Kingdom
17226,Jayce,Sherman,,Europe,United Kingdom
17227,Leonardo,Lucas,,Europe,United Kingdom
17228,Areli,Mendoza,,Europe,United Kingdom
17230,Ahmad,Travis,,Europe,United Kingdom
17231,Caleb,Gates,,Europe,United Kingdom
17236,Sam,Newton,,Europe,United Kingdom
17238,Dominique,Mcguire,,Europe,United Kingdom
17239,Leyla,Myers,,Europe,United Kingdom
17243,Bailee,Franco,,Europe,United Kingdom
17250,Jaydan,Powers,,Europe,United Kingdom
17255,Maliyah,Dunlap,,Europe,United Kingdom
17256,Madilynn,Walters,,Europe,United Kingdom
17262,Yesenia,Golden,,Europe,United Kingdom
17268,Destiney,Pineda,,Europe,United Kingdom
17272,Nayeli,Murray,,Europe,United Kingdom
17277,Lesly,Morris,,Europe,United Kingdom
17278,Korbin,Pham,,Europe,United Kingdom
17282,Turner,Burgess,,Europe,United Kingdom
17284,Matthew,Castillo,,Europe,United Kingdom
17287,Ronald,Carey,,Europe,United Kingdom
17288,Ayana,Johnson,,Europe,United Kingdom
17291,Zara,Mendoza,,Europe,United Kingdom
17293,Tobias,Russell,,Europe,United Kingdom
17302,Belen,Callahan,,Europe,United Kingdom
17306,Carlos,Crane,,Europe,United Kingdom
17311,Jay,Garza,,Europe,United Kingdom
17314,Kai,Burton,,Europe,United Kingdom
17315,Hayley,Mendez,,Europe,United Kingdom
17320,Isaias,Bauer,,Europe,United Kingdom
17323,Macie,Kane,,Europe,United Kingdom
17324,Randy,Clarke,,Europe,United Kingdom
17325,Talia,Neal,,Europe,United Kingdom
17329,Aylin,Hester,,Europe,United Kingdom
17334,Simeon,Doyle,,Europe,United Kingdom
17337,Kassandra,Jimenez,,Europe,United Kingdom
17338,Cara,Pruitt,,Europe,United Kingdom
17340,Xzavier,Gordon,,Europe,United Kingdom
17346,Alani,Sandoval,,Europe,United Kingdom
17348,Simeon,Castaneda,,Europe,United Kingdom
17351,Xavier,Acosta,,Europe,United Kingdom
17356,Shyann,Ford,,Europe,United Kingdom
17358,Kai,Jackson,,Europe,United Kingdom
17361,Nolan,Wright,,Europe,United Kingdom
17362,Roy,Pope,,Europe,United Kingdom
17364,Corey,Hughes,,Europe,United Kingdom
17365,Zariah,Maddox,,Europe,United Kingdom
17367,Nathen,Duarte,,Europe,United Kingdom
17368,Cameron,Orr,,Europe,United Kingdom
17372,Damarion,Clay,,Europe,United Kingdom
17373,Braydon,Kerr,,Europe,United Kingdom
17374,Roy,Barron,,Europe,United Kingdom
17375,Viviana,Gonzalez,,Europe,United Kingdom
17376,Rayne,Weeks,,Europe,United Kingdom
17377,America,Duran,,Europe,United Kingdom
17381,Paola,Villanueva,,Europe,United Kingdom
17388,Amelie,Archer,,Europe,United Kingdom
17389,Marcus,Mcmillan,,Europe,United Kingdom
17392,Janessa,Cooley,,Europe,United Kingdom
17398,Moshe,Snyder,,Europe,United Kingdom
17400,Chana,Campos,,Europe,United Kingdom
17402,Carmelo,Christensen,,Europe,United Kingdom
17404,Tristian,Russell,,Europe,Sweden
17406,Reese,Ashley,,Europe,United Kingdom
17409,Scarlett,Mills,,Europe,United Kingdom
17411,Tamara,Ewing,,Europe,United Kingdom
17412,Maria,Dyer,,Europe,United Kingdom
17416,Ibrahim,Brooks,,Europe,United Kingdom
17418,Logan,West,,Europe,United Kingdom
17419,Kian,Carney,,Europe,United Kingdom
17422,Gemma,Mckee,,Europe,United Kingdom
17426,Marely,Sawyer,,Europe,United Kingdom
17428,Franco,Mcconnell,,Europe,United Kingdom
17431,Felipe,Nicholson,,Europe,United Kingdom
17436,Ace,Sanchez,,Europe,United Kingdom
17438,Annika,Hawkins,,Europe,United Kingdom
17440,Alicia,Fuentes,,Europe,United Kingdom
17442,Kiara,Church,,Europe,United Kingdom
17446,Noah,Bush,,Europe,United Kingdom
17449,Zackery,Simon,,Europe,United Kingdom
17450,Alivia,Bridges,,Europe,United Kingdom
17454,Nina,Orr,,Europe,United Kingdom
17457,Bradley,Wade,,Europe,United Kingdom
17460,Julien,Boyd,,Europe,United Kingdom
17462,Jaida,Miranda,,Europe,United Kingdom
17463,Alexus,Lambert,,Europe,United Kingdom
17470,Damien,Conrad,,Europe,United Kingdom
17472,Diana,Stark,,Europe,United Kingdom
17486,Teagan,Torres,,Europe,United Kingdom
17491,Clinton,Hodge,,Europe,United Kingdom
17492,Jaidyn,Keith,,Europe,United Kingdom
17499,Manuel,Norris,,Europe,United Kingdom
17504,Nathaly,Andersen,,Europe,United Kingdom
17507,Lilyana,Tanner,,Europe,United Kingdom
17508,Greyson,Velazquez,,Europe,Greece
17511,Sylvia,Moses,,Europe,United Kingdom
17512,Charlee,Farmer,,Europe,United Kingdom
17515,Felix,Trevino,,Europe,United Kingdom
17516,Oscar,Sloan,,Europe,United Kingdom
17517,Toby,Mckinney,,Europe,United Kingdom
17519,Giada,Camacho,,Europe,United Kingdom
17526,Jefferson,Harmon,,Europe,United Kingdom
17530,Jazmyn,Fields,,Europe,United Kingdom
17535,Kenyon,Downs,,Europe,United Kingdom
17537,Quintin,Mcclain,,Europe,United Kingdom
17540,Jamari,Le,,Europe,United Kingdom
17542,Elsie,Arroyo,,Europe,United Kingdom
17548,Lewis,Mooney,,Europe,United Kingdom
17550,Kaylah,Keith,,Europe,United Kingdom
17555,Miah,Allison,,Europe,United Kingdom
17560,Rubi,Parrish,,Europe,United Kingdom
17567,Deacon,Trujillo,,Europe,United Kingdom
17569,Cora,Howard,,Europe,United Kingdom
17571,Cecelia,Vang,,Europe,United Kingdom
17572,Lucy,Galloway,,Europe,United Kingdom
17574,Jair,Arroyo,,Europe,United Kingdom
17576,Terry,Barrera,,Europe,United Kingdom
17580,Marcelo,Goodman,,Europe,United Kingdom
17581,Kaylee,Moore,,Europe,United Kingdom
17582,Azaria,Lane,,Europe,United Kingdom
17585,Hadley,Sherman,,Europe,United Kingdom
17588,Raven,Hendrix,,Europe,United Kingdom
17589,Judah,Benton,,Europe,United Kingdom
17591,Jerome,Campbell,,Europe,United Kingdom
17594,Alina,Andersen,,Europe,United Kingdom
17596,Destiney,Kelley,,Europe,United Kingdom
17601,Adriel,Parks,,Europe,United Kingdom
17602,Alijah,Hines,,Europe,United Kingdom
17604,Brooklyn,Allison,,Europe,United Kingdom
17609,Zaire,Ho,,Europe,United Kingdom
17611,Kenya,Martinez,,Europe,United Kingdom
17612,Kyle,Flores,,Europe,United Kingdom
17613,Leticia,Santana,,Europe,United Kingdom
17616,Trent,Morse,,Europe,United Kingdom
17618,Paityn,Charles,,Europe,United Kingdom
17619,Elsie,Santana,,Europe,United Kingdom
17621,Daniella,Townsend,,Europe,United Kingdom
17625,Kiera,Decker,,Europe,United Kingdom
17629,Christopher,Flores,,Europe,United Kingdom
17630,Lorenzo,Harmon,,Europe,United Kingdom
17631,Edward,Yu,,Europe,United Kingdom
17634,Shayla,Glass,,Europe,United Kingdom
17639,Carl,Vasquez,,Europe,United Kingdom
17644,Madilyn,Kent,,Europe,United Kingdom
17646,Olivia,Thomas,,Europe,United Kingdom
17648,Skyla,Reynolds,,Europe,United Kingdom
17652,Helen,Ball,,Europe,United Kingdom
17654,Ainsley,Glass,,Europe,United Kingdom
17655,Alexander,Dudley,,Europe,United Kingdom
17659,Charity,Chambers,,Europe,United Kingdom
17663,Kyra,Lindsey,,Europe,United Kingdom
17667,Jovan,Wang,,Europe,United Kingdom
17669,Adriel,Bates,,Europe,United Kingdom
17670,Alexia,Hunter,,Europe,United Kingdom
17672,Adriana,Hart,,Europe,United Kingdom
17673,Giovanni,Acevedo,,Europe,United Kingdom
17675,Maddison,Solis,,Europe,United Kingdom
17677,Scott,Krause,,Europe,United Kingdom
17678,Keely,Diaz,,Europe,United Kingdom
17682,Judith,Foster,,Europe,United Kingdom
17685,Kai,Hodges,,Europe,United Kingdom
17686,Jane,Franco,,Europe,United Kingdom
17690,Adrian,Acosta,,Europe,United Kingdom
17692,Tripp,Silva,,Europe,United Kingdom
17696,Jessica,Garza,,Europe,United Kingdom
17697,Johnathon,Phelps,,Europe,United Kingdom
17698,Maddison,Robertson,,Europe,United Kingdom
17700,Mark,Clark,,Europe,United Kingdom
17701,Helen,Duke,,Europe,United Kingdom
17704,Anika,Gibson,,Europe,United Kingdom
17705,Eliana,Mcdonald,,Europe,United Kingdom
17706,Jeremiah,Cannon,,Europe,United Kingdom
17707,Paloma,Skinner,,Europe,United Kingdom
17708,Faith,Lewis,,Europe,United Kingdom
17711,Preston,Taylor,,Europe,United Kingdom
17714,Allie,Deleon,,Europe,United Kingdom
17716,Caitlin,Manning,,Europe,United Kingdom
17718,Jamya,Key,,Europe,United Kingdom
17719,Corey,Chan,,Europe,United Kingdom
17720,Milagros,Mendez,,Europe,United Kingdom
17722,Phoebe,Cross,,Europe,United Kingdom
17725,Jasmine,Pena,,Europe,United Kingdom
17730,Jadiel,Mcmahon,,Europe,United Kingdom
17733,Melina,Odonnell,,Europe,United Kingdom
17734,Ruben,Rogers,,Europe,United Kingdom
17735,Antwan,Willis,,Europe,United Kingdom
17738,Moshe,Stevenson,,Europe,United Kingdom
17739,Francis,Melendez,,Europe,United Kingdom
17742,Ariel,Stephens,,Europe,United Kingdom
17744,Dominique,Oliver,,Europe,United Kingdom
17746,Aarav,Vargas,,Europe,United Kingdom
17749,Stephanie,Potts,,Europe,United Kingdom
17754,Allie,Garrett,,Europe,United Kingdom
17757,Tabitha,Yoder,,Europe,United Kingdom
17758,Tiara,Bush,,Europe,United Kingdom
17763,Eliezer,Wood,,Europe,United Kingdom
17765,Cheyenne,Kidd,,Europe,United Kingdom
17769,Marlie,Riley,,Europe,United Kingdom
17770,Madisyn,Molina,,Europe,United Kingdom
17771,Barbara,Dunn,,Europe,United Kingdom
17774,Makena,Harper,,Europe,United Kingdom
17775,Areli,Walker,,Europe,United Kingdom
17781,Tristian,Barnett,,Europe,United Kingdom
17783,Peyton,Benitez,,Europe,United Kingdom
17786,Amani,Goodwin,,Europe,United Kingdom
17787,Eugene,Harrington,,Europe,United Kingdom
17789,Terrence,Baker,,Europe,United Kingdom
17790,Elsa,Travis,,Europe,United Kingdom
17795,Fernando,Taylor,,Europe,United Kingdom
17796,Patience,Hickman,,Europe,United Kingdom
17799,Maximus,Ingram,,Europe,United Kingdom
17800,Rory,Osborn,,Europe,United Kingdom
17809,Esteban,Dixon,,Europe,United Kingdom
17811,Arturo,Becker,,Europe,United Kingdom
17816,Avery,Morse,,Europe,United Kingdom
17817,Evelin,Burke,,Europe,United Kingdom
17819,Autumn,Peck,,Europe,United Kingdom
17827,Elsa,Fischer,,Europe,United Kingdom
17829,Shane,Walker,,Middle East,United Arab Emirates
17830,Ann,Roberson,,Europe,United Kingdom
17838,Jacoby,Guerra,,Europe,United Kingdom
17841,Deshawn,Kent,,Europe,United Kingdom
17843,Lindsey,Hampton,,Europe,United Kingdom
17848,Monique,Griffin,,Europe,United Kingdom
17849,Seth,Hinton,,Europe,United Kingdom
17854,Denzel,Estes,,Europe,United Kingdom
17856,Roberto,Franklin,,Europe,United Kingdom
17857,Abby,Benson,,Europe,United Kingdom
17858,Bradyn,Bowman,,Europe,United Kingdom
17859,Myah,Shea,,Europe,United Kingdom
17861,Adeline,Mayo,,Europe,United Kingdom
17862,Micaela,Douglas,,Europe,United Kingdom
17863,Santino,Allen,,Europe,United Kingdom
17864,Dominick,Clark,,Europe,United Kingdom
17865,Clarissa,Howe,,Europe,United Kingdom
17867,Emmanuel,Petersen,,Europe,United Kingdom
17869,Aliana,Rangel,,Europe,United Kingdom
17873,Roderick,Oconnor,,Europe,United Kingdom
17874,Darius,Lowe,,Europe,United Kingdom
17881,Greyson,Levy,,Europe,United Kingdom
17883,Paige,Fletcher,,Europe,United Kingdom
17884,Simon,Todd,,Europe,United Kingdom
17886,Jenny,Sampson,,Europe,United Kingdom
17888,Oswaldo,Meadows,,Europe,United Kingdom
17889,Aimee,Jennings,,Europe,United Kingdom
17890,Charlee,Kirby,,Europe,United Kingdom
17893,Anton,Weaver,,Europe,United Kingdom
17894,Cedric,Mccarthy,,Europe,United Kingdom
17906,Frida,Tapia,,Europe,United Kingdom
17912,Adan,Mccall,,Europe,United Kingdom
17917,Raymond,Cochran,,Europe,United Kingdom
17920,Cason,Gray,,Europe,United Kingdom
17921,Melany,Flowers,,Europe,United Kingdom
17923,Sage,Roberts,,Europe,United Kingdom
17924,Jimena,Chang,,Europe,United Kingdom
17928,Amari,Santana,,Europe,United Kingdom
17929,Aubrie,Robbins,,Europe,United Kingdom
17930,Gina,Ruiz,,Europe,United Kingdom
17931,Yuliana,Schroeder,,Europe,United Kingdom
17937,Kymani,Everett,,Europe,United Kingdom
17940,Estrella,Valentine,,Europe,United Kingdom
17946,Justus,Hogan,,Europe,United Kingdom
17949,Jaeden,Erickson,,Europe,United Kingdom
17954,Kasen,Hart,,Europe,United Kingdom
17956,Anaya,Roberson,,Europe,United Kingdom
17961,Brycen,Duke,,Europe,United Kingdom
17965,Daniel,Waters,,Europe,United Kingdom
17966,Bethany,Lynch,,Europe,United Kingdom
17972,Lincoln,Ward,,Europe,United Kingdom
17975,Orlando,Galvan,,Europe,United Kingdom
17979,Piper,Snyder,,Europe,United Kingdom
17988,Darryl,Zhang,,Europe,United Kingdom
17990,London,Cortez,,Europe,United Kingdom
17991,Yaretzi,Rogers,,Europe,United Kingdom
17994,Zackery,Horn,,Europe,United Kingdom
17995,Karsyn,Bradshaw,,Europe,United Kingdom
18008,Renee,Warner,,Europe,United Kingdom
18009,Ross,Wall,,Europe,United Kingdom
18010,Ramon,Porter,,Europe,United Kingdom
18016,Maci,Mullins,,Europe,United Kingdom
18017,Finley,Moore,,Europe,United Kingdom
18032,Mary,Sullivan,,Europe,United Kingdom
18036,Demarion,Padilla,,Europe,United Kingdom
18037,Sloane,Mendez,,Europe,United Kingdom
18040,Diamond,Small,,Europe,United Kingdom
18041,Beckett,Galloway,,Europe,United Kingdom
18044,Jaslene,Owens,,Europe,United Kingdom
18055,Branden,Drake,,Europe,United Kingdom
18056,Melina,Pham,,Europe,United Kingdom
18061,Leroy,Hammond,,Europe,United Kingdom
18062,Ibrahim,Blankenship,,Europe,United Kingdom
18064,Daniel,Silva,,Europe,United Kingdom
18065,Rudy,Fisher,,Europe,United Kingdom
18068,Emely,Pope,,Europe,United Kingdom
18069,Demarion,Bartlett,,Europe,United Kingdom
18071,Tia,Ball,,Europe,United Kingdom
18075,Theodore,Munoz,,Europe,United Kingdom
18077,Sheldon,Charles,,Europe,United Kingdom
18078,Kelly,Frye,,Europe,United Kingdom
18079,Davin,Owens,,Europe,United Kingdom
18080,Weston,Ibarra,,Europe,United Kingdom
18085,Lyric,Buchanan,,Europe,United Kingdom
18086,Julien,Hensley,,Europe,United Kingdom
18087,Fatima,Good,,Europe,United Kingdom
18092,Jaydon,Dunlap,,Europe,United Kingdom
18093,Bethany,Werner,,Europe,United Kingdom
18094,Keira,Lowery,,Europe,United Kingdom
18095,Hudson,Hill,,Europe,United Kingdom
18097,Drake,Baird,,Europe,United Kingdom
18102,Shyann,Lozano,,Europe,United Kingdom
18106,Cristina,Wiley,,Europe,United Kingdom
18108,Noemi,Alvarez,,Europe,United Kingdom
18109,Karlie,Harrison,,Europe,United Kingdom
18114,Stephanie,Dixon,,Europe,United Kingdom
18116,Remington,Robertson,,Europe,United Kingdom
18118,Matthias,Rhodes,,Europe,United Kingdom
18125,Lorenzo,Nunez,,Europe,United Kingdom
18129,Chasity,Hull,,Europe,United Kingdom
18136,Emmanuel,Preston,,Europe,United Kingdom
18138,Savanna,Fletcher,,Europe,United Kingdom
18144,Arthur,Barron,,Europe,United Kingdom
18145,Giada,Mcclain,,Europe,United Kingdom
18149,Madelyn,Cooke,,Europe,United Kingdom
18151,Grant,Serrano,,Europe,United Kingdom
18155,Deegan,Mason,,Europe,United Kingdom
18159,Kathryn,Atkinson,,Europe,United Kingdom
18161,Shane,Howe,,Europe,United Kingdom
18168,Octavio,Gordon,,Europe,United Kingdom
18171,Keshawn,Cooke,,Europe,United Kingdom
18172,Cecilia,Wong,,Europe,United Kingdom
18173,Willie,Curry,,Europe,United Kingdom
18177,Luz,Torres,,Europe,United Kingdom
18178,Theresa,Bridges,,Europe,United Kingdom
18179,Natalee,Sanford,,Europe,United Kingdom
18183,Anthony,Rangel,,Europe,United Kingdom
18185,Clare,Barton,,Europe,United Kingdom
18188,Darnell,Chan,,Europe,United Kingdom
18189,Jocelynn,Long,,Europe,United Kingdom
18190,Ricky,Mitchell,,Europe,United Kingdom
18191,Judith,Ponce,,Europe,United Kingdom
18196,Jasiah,Foley,,Europe,United Kingdom
18198,Matias,Meyer,,Europe,United Kingdom
18202,Tripp,Wade,,Europe,United Kingdom
18210,Ronin,Beck,,Europe,United Kingdom
18211,Aryana,Gibson,,Europe,United Kingdom
18212,Zayne,Allison,,Europe,United Kingdom
18213,Antwan,Turner,,Europe,United Kingdom
18218,Elena,Haas,,Europe,United Kingdom
18219,Destinee,Nixon,,Europe,United Kingdom
18220,Emery,Boyd,,Europe,United Kingdom
18223,Adan,Miles,,Europe,United Kingdom
18224,Kimberly,Willis,,Europe,United Kingdom
18225,Nigel,Summers,,Europe,United Kingdom
18226,Vanessa,Bruce,,Europe,United Kingdom
18229,Caiden,Woodard,,Europe,United Kingdom
18230,Jase,Faulkner,,Europe,United Kingdom
18231,Teagan,Gray,,Europe,United Kingdom
18233,James,Dickerson,,Europe,United Kingdom
18236,Kinley,Skinner,,Europe,United Kingdom
18239,Julia,Dodson,,Europe,United Kingdom
18245,Mariah,Copeland,,Europe,United Kingdom
18246,Hezekiah,Juarez,,Europe,United Kingdom
18250,Liliana,Shaw,,Europe,United Kingdom
18257,Dominic,Wang,,Europe,United Kingdom
18260,Ronan,Barrett,,Europe,United Kingdom
18263,Aylin,Becker,,Europe,United Kingdom
18270,Kayleigh,Salazar,,Europe,United Kingdom
18272,Cooper,Stokes,,Europe,United Kingdom
18273,Cade,Hatfield,,Europe,United Kingdom
18280,Jesse,Fitzgerald,,Europe,United Kingdom
18283,Hannah,Lutz,,Europe,United Kingdom
